feature,non_growth_mean,growth_mean,gap
avg_text_sentiment,0.6708802272952493,0.6830405380022903,0.012160310707040933
positive_text_rate,0.8562068759496003,0.8710300772055156,0.014823201255915297
negative_text_rate,0.04003807947645724,0.03096069987960738,-0.009077379596849858
reorder_rate,0.06436323258197041,0.07197569666603094,0.007612464084060536
review_length,39.22021338308359,40.03872702640074,0.8185136433171536
negative_hit_count,0.1801556291068297,0.1639130417976821,-0.0162425873091476
has_reply,0.4908769798370828,0.5706786336929139,0.07980165385583116
reply_template_score,0.16872049000210798,0.21299569013726039,0.044275200135152404
reply_ai_like_score,0.06506524139448444,0.08506037369264058,0.019995132298156137
