scenario,top_n,expected_hits_raw,expected_hits_calibrated,expected_incremental_orders_calibrated,expected_roi_raw,expected_roi_calibrated,positive_roi_stores_calibrated,avg_break_even_probability,avg_band_calibrated_probability
base,20,18.35308803969774,8.468562248995983,846.8562248995984,3105926.4119093223,140568.67469879502,10,0.4000000000000001,0.42342811244979917
base,50,45.32335036335756,20.503630522088354,2050.363052208835,7597005.10900727,151089.15662650566,18,0.3999999999999999,0.41007261044176707
base,100,89.91430013094063,40.861783132530114,4086.178313253012,14974290.039282188,258534.93975903542,35,0.3999999999999999,0.40861783132530116
causal_att_reference,20,18.35308803969774,8.468562248995983,965.4160963855421,3876756.109576627,496248.2891566262,20,0.3508771929824562,0.42342811244979917
causal_att_reference,50,45.32335036335756,20.503630522088354,2337.413879518072,9500585.824268287,1012241.6385542162,50,0.3508771929824561,0.41007261044176707
causal_att_reference,100,89.91430013094063,40.861783132530114,4658.243277108433,18750690.644781694,1974729.8313252998,100,0.3508771929824563,0.40861783132530116
conservative,20,18.35308803969774,8.468562248995983,423.4281124497992,352963.20595466095,-1129715.6626506026,0,0.8000000000000002,0.42342811244979917
conservative,50,45.32335036335756,20.503630522088354,1025.1815261044176,798502.5545036345,-2924455.421686747,0,0.7999999999999998,0.41007261044176707
conservative,100,89.91430013094063,40.861783132530114,2043.089156626506,1487145.0196410944,-5870732.530120482,0,0.7999999999999998,0.40861783132530116
