platform_shop_id,shop_name,brand,category,current_score,current_rank,top100_scenario_count,top100_scenario_rate
ba_13248384,본죽&비빔밥 구리인창점,본그룹,백반·죽·국수,98.18,1,7,1.0000
ba_14689004,본죽&비빔밥 산본학원가점,본그룹,백반·죽·국수,92.83,2,7,1.0000
ba_14694390,본죽&비빔밥 평택시청점,본그룹,백반·죽·국수,92.08,3,7,1.0000
ba_14756888,본죽&비빔밥 창원대원점,본그룹,백반·죽·국수,91.78,4,7,1.0000
ba_14692155,본죽&비빔밥 해운대백병원점,본그룹,백반·죽·국수,91.72,5,7,1.0000
ba_14692232,본죽 아산용화점,본그룹,백반·죽·국수,91.71,6,7,1.0000
ba_14692455,본죽&비빔밥 천안신불당북부점,본그룹,백반·죽·국수,91.27,7,7,1.0000
ba_14688738,본죽&비빔밥 분당롯데점,본그룹,백반·죽·국수,90.26,8,7,1.0000
ba_13470236,본죽&비빔밥 신제주점,본그룹,백반·죽·국수,89.95,9,7,1.0000
ba_13223654,본죽&비빔밥 고양행신역점,본그룹,백반·죽·국수,89.86,10,7,1.0000
ba_14462203,본죽&비빔밥 동대구시장점,본그룹,백반·죽·국수,89.46,11,7,1.0000
ba_13219951,본죽&비빔밥 순천연향점,본그룹,백반·죽·국수,89.45,12,7,1.0000
ba_14690680,본죽&비빔밥 김해율하2지구점,본그룹,백반·죽·국수,89.14,13,7,1.0000
ba_14691080,본죽&비빔밥 대전유성온천역점,본그룹,백반·죽·국수,89.02,14,7,1.0000
ba_14690155,본죽&비빔밥 김포걸포점,본그룹,백반·죽·국수,88.49,15,7,1.0000
ba_14691093,본죽&비빔밥 대전노은점,본그룹,백반·죽·국수,88.44,16,7,1.0000
ba_14691989,본죽&비빔밥 여천신동아점,본그룹,백반·죽·국수,88.40,17,7,1.0000
ba_14689003,본죽&비빔밥 구리인창점,본그룹,백반·죽·국수,88.16,18,7,1.0000
ba_14689953,본죽&비빔밥 양주고읍점,본그룹,백반·죽·국수,87.95,19,7,1.0000
ba_14766686,굽네치킨 운정2호점,굽네치킨,피자,87.88,20,6,0.8571
ba_14690630,본죽&비빔밥 포항창포점,본그룹,백반·죽·국수,87.86,21,7,1.0000
ba_14746052,본죽&비빔밥 포항두호점,본그룹,백반·죽·국수,87.75,22,7,1.0000
ba_14690722,본죽&비빔밥 광주월곡점,본그룹,백반·죽·국수,87.51,23,7,1.0000
ba_14691298,본죽&비빔밥 대전전민동점,본그룹,백반·죽·국수,87.21,24,7,1.0000
ba_14758255,굽네치킨&피자 대구송현점,굽네치킨,치킨,87.16,25,7,1.0000
ba_14691001,본죽&비빔밥 광주연제점,본그룹,백반·죽·국수,86.74,26,7,1.0000
ba_14356032,본죽&비빔밥 양평용문점,본그룹,백반·죽·국수,86.55,27,7,1.0000
ba_14692116,본죽&비빔밥 부산수영점,본그룹,백반·죽·국수,85.94,28,6,0.8571
ba_14691999,본죽&비빔밥 부산동래점,본그룹,백반·죽·국수,85.82,29,7,1.0000
ba_14690712,본죽&비빔밥 광주운남점,본그룹,백반·죽·국수,85.77,30,7,1.0000
ba_14690983,본죽&비빔밥 대전송촌점,본그룹,백반·죽·국수,85.59,31,7,1.0000
ba_13228675,본죽&비빔밥 대전전민동점,본그룹,백반·죽·국수,85.52,32,7,1.0000
ba_14688100,본죽 구리수택점,본그룹,백반·죽·국수,85.37,33,7,1.0000
ba_14690689,본죽&비빔밥 광주신창점,본그룹,백반·죽·국수,85.35,34,7,1.0000
ba_13231481,본죽&비빔밥 광명소하지구점,본그룹,백반·죽·국수,84.90,35,7,1.0000
ba_14757543,굽네치킨&피자 동두천중앙점,굽네치킨,치킨,84.84,36,6,0.8571
ba_13231157,본죽 수원인계점,본그룹,백반·죽·국수,84.74,37,7,1.0000
ba_14691062,본죽&비빔밥 광주염주화정점,본그룹,백반·죽·국수,84.67,38,6,0.8571
ba_13683573,본죽&비빔밥 제주아라점,본그룹,백반·죽·국수,84.52,39,7,1.0000
ba_14335138,굽네치킨&피자 대전비래가양점,굽네치킨,치킨,84.52,40,7,1.0000
ba_14691173,본죽&비빔밥 대구복현동점,본그룹,백반·죽·국수,84.44,41,7,1.0000
ba_14692242,본죽&비빔밥 천안쌍용이마트점,본그룹,백반·죽·국수,84.34,42,6,0.8571
ba_13235500,본죽 의정부회룡역점,본그룹,백반·죽·국수,84.32,43,7,1.0000
ba_14691120,본죽&비빔밥 대구북구청점,본그룹,백반·죽·국수,84.25,44,7,1.0000
ba_14743732,본죽&비빔밥 인천오류왕길점,본그룹,백반·죽·국수,84.23,45,7,1.0000
ba_14688602,본죽&비빔밥 남양주덕소점,본그룹,백반·죽·국수,84.21,46,7,1.0000
ba_14689448,본죽&비빔밥 이천점,본그룹,백반·죽·국수,84.21,47,7,1.0000
ba_14689809,본죽&비빔밥 안성당왕점,본그룹,백반·죽·국수,84.17,48,7,1.0000
ba_14690057,본죽앤비빔밥 인천검단점,본그룹,백반·죽·국수,84.10,49,7,1.0000
ba_14742705,본죽&비빔밥 청주개신점,본그룹,백반·죽·국수,84.09,50,7,1.0000
ba_14691909,본죽&비빔밥 부산정관모전점,본그룹,백반·죽·국수,84.08,51,7,1.0000
ba_13235557,본죽 도봉동점,본그룹,백반·죽·국수,84.00,52,6,0.8571
ba_14690587,본죽&비빔밥 포항법원점,본그룹,백반·죽·국수,83.96,53,7,1.0000
ba_14689382,본죽&비빔밥 수원권선시장점,본그룹,백반·죽·국수,83.72,54,7,1.0000
ba_14757711,굽네치킨&피자 칠금문화점,굽네치킨,치킨,83.41,55,7,1.0000
ba_14692118,본죽&비빔밥 여수소호점,본그룹,백반·죽·국수,83.40,56,7,1.0000
ba_14727030,본죽&비빔밥 부산명장역점,본그룹,백반·죽·국수,83.25,57,6,0.8571
ba_14692258,본죽 천안쌍용1동점,본그룹,백반·죽·국수,82.99,58,7,1.0000
ba_14688557,본죽 보정동단국대점,본그룹,백반·죽·국수,82.89,59,7,1.0000
ba_14689904,본죽&비빔밥 안양호계포도원점,본그룹,백반·죽·국수,82.85,60,7,1.0000
ba_14689854,본죽&비빔밥 인천간석홈플러스앞점,본그룹,백반·죽·국수,82.81,61,6,0.8571
ba_14689573,본죽&비빔밥 시흥목감역점,본그룹,백반·죽·국수,82.80,62,6,0.8571
ba_14689645,본죽&비빔밥 병점복합타운점,본그룹,백반·죽·국수,82.75,63,7,1.0000
ba_14689875,본죽 양산물금증산점,본그룹,백반·죽·국수,82.74,64,5,0.7143
ba_14687344,본죽&비빔밥 쌍문점,본그룹,백반·죽·국수,82.55,65,5,0.7143
ba_14459736,굽네치킨,굽네치킨,치킨,82.54,66,6,0.8571
ba_13222170,본죽&비빔밥 전북김제점,본그룹,백반·죽·국수,82.44,67,7,1.0000
ba_14689886,본죽&비빔밥 안양호계사거리점,본그룹,백반·죽·국수,82.22,68,6,0.8571
ba_14688860,본죽&비빔밥 수색DMC점,본그룹,백반·죽·국수,82.03,69,5,0.7143
ba_14689766,본죽&비빔밥 인천신포동점,본그룹,백반·죽·국수,81.94,70,7,1.0000
ba_14690110,본죽&비빔밥 신봉초교점,본그룹,백반·죽·국수,81.92,71,7,1.0000
ba_14688094,본죽 군포지샘병원점,본그룹,백반·죽·국수,81.80,72,6,0.8571
ba_14694148,본죽 통영점,본그룹,백반·죽·국수,81.70,73,7,1.0000
ba_14689481,본죽&비빔밥 파주운정해오름점,본그룹,백반·죽·국수,81.39,74,6,0.8571
ba_14691958,본죽&비빔밥 부산내성교차로점,본그룹,백반·죽·국수,81.06,75,6,0.8571
ba_14691112,본죽 대구방촌점,본그룹,백반·죽·국수,81.01,76,7,1.0000
ba_14692165,본죽 세종아름점,본그룹,백반·죽·국수,81.01,77,6,0.8571
ba_14692275,본죽&비빔밥 전주객사점,본그룹,백반·죽·국수,80.89,78,5,0.7143
ba_14690002,본죽 송도센트럴파크점,본그룹,백반·죽·국수,80.80,79,6,0.8571
ba_13233115,본죽&비빔밥 대구복현동점,본그룹,백반·죽·국수,80.64,80,5,0.7143
ba_14690034,본죽&비빔밥 인천검암점,본그룹,백반·죽·국수,80.40,81,5,0.7143
ba_14689611,본죽&비빔밥 시흥장곡점,본그룹,백반·죽·국수,80.26,82,5,0.7143
ba_14691077,본죽&비빔밥 대구파티마병원점,본그룹,백반·죽·국수,80.21,83,5,0.7143
ba_14689115,본죽&비빔밥 양주덕정점,본그룹,백반·죽·국수,80.12,84,5,0.7143
ba_14273972,본죽&비빔밥 단양점,본그룹,백반·죽·국수,79.98,85,6,0.8571
ba_14691106,본죽&비빔밥 대구동구청점,본그룹,백반·죽·국수,79.95,86,5,0.7143
ba_14690723,본죽&비빔밥 광주첨단월계점,본그룹,백반·죽·국수,79.83,87,6,0.8571
ba_14688114,본죽&비빔밥 신촌점,본그룹,백반·죽·국수,79.81,88,3,0.4286
ba_14448826,본죽&비빔밥 인천검단신도시점,본그룹,백반·죽·국수,79.80,89,5,0.7143
ba_14647668,본죽&비빔밥 인천간석홈플러스앞점,본그룹,백반·죽·국수,79.35,90,5,0.7143
ba_14691857,본죽&비빔밥 부산명지국제중앙점,본그룹,백반·죽·국수,79.35,91,5,0.7143
ba_14689890,본죽&비빔밥 구월아시아드점,본그룹,백반·죽·국수,79.26,92,6,0.8571
ba_14732026,굽네치킨 부산전포점,굽네치킨,치킨,79.25,93,4,0.5714
ba_13199394,본죽&비빔밥 울산야음점,본그룹,백반·죽·국수,79.23,94,5,0.7143
ba_14691965,본죽&비빔밥 나주혁신호수공원점,본그룹,백반·죽·국수,79.23,95,6,0.8571
ba_14691209,본죽&비빔밥 대구두산점,본그룹,백반·죽·국수,79.20,96,4,0.5714
ba_14689734,본죽&비빔밥 송도신도시점,본그룹,백반·죽·국수,79.12,97,5,0.7143
ba_14687166,본죽&비빔밥 등촌공항대로점,본그룹,백반·죽·국수,78.99,98,3,0.4286
ba_14689614,본죽&비빔밥 시흥시화점,본그룹,백반·죽·국수,78.84,99,4,0.5714
ba_14739745,굽네치킨 감정점,굽네치킨,치킨,78.77,100,3,0.4286
ba_14690992,본죽&비빔밥 대전신탄점,본그룹,백반·죽·국수,78.68,101,3,0.4286
ba_13223520,본죽 신림고시촌점,본그룹,백반·죽·국수,78.59,102,2,0.2857
ba_14714062,본죽&비빔밥 파주운정산내마을점,본그룹,백반·죽·국수,78.53,103,3,0.4286
ba_14692326,본죽&비빔밥 제천청전점,본그룹,백반·죽·국수,78.48,104,2,0.2857
ba_14692505,본죽&비빔밥 울산남목점,본그룹,백반·죽·국수,78.47,105,3,0.4286
ba_14753110,본죽&비빔밥 청주성화점,본그룹,백반·죽·국수,78.47,106,3,0.4286
ba_14691361,본죽&비빔밥 경산옥곡점,본그룹,백반·죽·국수,78.45,107,1,0.1429
ba_14691245,본죽&비빔밥 대구동성로점,본그룹,백반·죽·국수,78.37,108,1,0.1429
ba_14691277,본죽&비빔밥 대구달서구청점,본그룹,백반·죽·국수,78.28,109,3,0.4286
ba_14691130,본죽 부산진역점,본그룹,백반·죽·국수,78.25,110,2,0.2857
ba_14692482,본죽&비빔밥 충주호암점,본그룹,백반·죽·국수,78.24,111,1,0.1429
ba_14689750,본죽&비빔밥 안산본오점,본그룹,백반·죽·국수,78.20,112,1,0.1429
ba_14744959,굽네치킨 부산수정점,굽네치킨,치킨,78.18,113,1,0.1429
ba_13918069,본죽&비빔밥 평택지제점,본그룹,백반·죽·국수,78.16,114,3,0.4286
ba_14688687,본죽&비빔밥 신길점,본그룹,백반·죽·국수,78.11,115,2,0.2857
ba_14690674,본죽&비빔밥 광주신가점,본그룹,백반·죽·국수,77.99,116,1,0.1429
ba_14688522,본죽 시흥은행점,본그룹,백반·죽·국수,77.96,117,1,0.1429
ba_13233576,본죽&비빔밥 당진점,본그룹,백반·죽·국수,77.89,118,1,0.1429
ba_14625762,본죽&비빔밥 익산부송우남점,본그룹,백반·죽·국수,77.81,119,1,0.1429
ba_14691801,본죽 부산구남점,본그룹,백반·죽·국수,77.63,120,2,0.2857
ba_14739746,굽네피자 감정점,굽네치킨,피자,77.51,121,2,0.2857
ba_14694620,본죽&비빔밥 경산신대부적점,본그룹,백반·죽·국수,77.50,122,0,0.0000
ba_14692022,본죽&비빔밥 여수죽림점,본그룹,백반·죽·국수,77.32,123,0,0.0000
ba_13223329,본죽&비빔밥 양주덕정점,본그룹,백반·죽·국수,77.05,124,3,0.4286
ba_14627570,본죽&비빔밥 김해안동푸르지오점,본그룹,백반·죽·국수,76.98,125,2,0.2857
ba_14691943,본죽&비빔밥 순천연향점,본그룹,백반·죽·국수,76.94,126,0,0.0000
ba_13260584,본죽&비빔밥 광주신창점,본그룹,백반·죽·국수,76.92,127,3,0.4286
ba_14703930,본죽 중화역점,본그룹,백반·죽·국수,76.91,128,0,0.0000
ba_10841883,굽네치킨 선부3동점,굽네치킨,치킨,76.90,129,1,0.1429
ba_14688746,본죽&비빔밥 광명소하지구점,본그룹,백반·죽·국수,76.87,130,1,0.1429
ba_14691975,본죽&비빔밥 백양산롯데캐슬점,본그룹,백반·죽·국수,76.84,131,0,0.0000
ba_14687318,본죽&비빔밥 독산정훈단지점,본그룹,백반·죽·국수,76.82,132,0,0.0000
ba_14688729,본죽&비빔밥 과천점,본그룹,백반·죽·국수,76.81,133,1,0.1429
ba_14691901,본죽&비빔밥 약사점,본그룹,백반·죽·국수,76.70,134,0,0.0000
ba_14688848,본죽&비빔밥 연신갈현점,본그룹,백반·죽·국수,76.61,135,1,0.1429
ba_14690081,본죽 신곡시장점,본그룹,백반·죽·국수,76.47,136,0,0.0000
ba_14727064,본죽&비빔밥 전주혁신도시점,본그룹,백반·죽·국수,76.40,137,0,0.0000
ba_14691116,본죽&비빔밥 대구칠곡관음점,본그룹,백반·죽·국수,76.31,138,0,0.0000
ba_13234034,본죽 포항오천점,본그룹,백반·죽·국수,76.24,139,1,0.1429
ba_14690718,본죽&비빔밥 광주노대점,본그룹,백반·죽·국수,76.24,140,1,0.1429
ba_14688555,본죽 수원인계점,본그룹,백반·죽·국수,76.17,141,0,0.0000
ba_14692194,본죽&비빔밥 익산영등제일점,본그룹,백반·죽·국수,75.93,142,0,0.0000
ba_14688197,본죽 인왕산점,본그룹,백반·죽·국수,75.84,143,0,0.0000
ba_14689415,본죽&비빔밥 수원탑동점,본그룹,백반·죽·국수,75.78,144,0,0.0000
ba_14457403,본죽&비빔밥 부산연제점,본그룹,백반·죽·국수,75.70,145,1,0.1429
ba_14687119,본죽 성균관대점,본그룹,백반·죽·국수,75.66,146,0,0.0000
ba_14690665,본죽&비빔밥 장유신문점,본그룹,백반·죽·국수,75.65,147,0,0.0000
ba_14688931,본죽&비빔밥 고양덕은점,본그룹,백반·죽·국수,75.47,148,1,0.1429
ba_14691179,본죽&비빔밥 내당삼익뉴타운점,본그룹,백반·죽·국수,75.46,149,0,0.0000
ba_14691976,본죽&비빔밥 부산전포점,본그룹,백반·죽·국수,75.44,150,0,0.0000
