platform_shop_id,year_month,shop_name,brand,category,sido,sigungu,growth_label_top30,composite_growth_score,historical_internal_growth_alpha,model,growth_probability,predicted_label
ba_10040411,2025-08,굽네치킨,굽네치킨,치킨,서울특별시,성북구,0,0.0,-0.310001,seoul_internal,0.13179240231920583,0
ba_10040411,2025-09,굽네치킨,굽네치킨,치킨,서울특별시,성북구,0,0.0,-0.166312,seoul_internal,0.32964266578531554,0
ba_10041246,2025-08,굽네치킨 수색증산점,굽네치킨,치킨,서울특별시,은평구,1,0.263173,-0.547296,seoul_internal,0.2258079622492123,0
ba_10041246,2025-09,굽네치킨 수색증산점,굽네치킨,치킨,서울특별시,은평구,1,0.306102,-0.321681,seoul_internal,0.6632629983854591,1
ba_10401021,2025-08,굽네치킨 가산점,굽네치킨,치킨,서울특별시,금천구,1,0.651894,-0.194445,seoul_internal,0.8231821444719489,1
ba_10401021,2025-09,굽네치킨 가산점,굽네치킨,치킨,서울특별시,금천구,0,-0.391042,0.011188,seoul_internal,0.9259523606401017,1
ba_10571616,2025-08,굽네치킨 답십리1동점,굽네치킨,치킨,서울특별시,동대문구,1,0.825631,-0.214629,seoul_internal,0.5360749314308036,1
ba_10571616,2025-09,굽네치킨 답십리1동점,굽네치킨,치킨,서울특별시,동대문구,1,76.88573,-0.799493,seoul_internal,0.6404792914241719,1
ba_10580903,2025-08,굽네치킨 길음1동점,굽네치킨,치킨,서울특별시,성북구,0,-0.65986,-0.193334,seoul_internal,0.6870305929281976,1
ba_10580903,2025-09,굽네치킨 길음1동점,굽네치킨,치킨,서울특별시,성북구,0,-0.853833,0.003921,seoul_internal,0.8224991138046159,1
ba_10776500,2025-08,굽네치킨 가양점,굽네치킨,치킨,서울특별시,강서구,1,0.410757,-0.310001,seoul_internal,0.3929546368926076,1
ba_10776500,2025-09,굽네치킨 가양점,굽네치킨,치킨,서울특별시,강서구,0,-0.49527,0.611466,seoul_internal,0.7382876491019565,1
ba_10798649,2025-08,굽네치킨 암사3동점,굽네치킨,치킨,서울특별시,강동구,0,-0.496299,-0.191936,seoul_internal,0.9161145121644068,1
ba_10798649,2025-09,굽네치킨 암사3동점,굽네치킨,치킨,서울특별시,강동구,0,-0.656954,2.030184,seoul_internal,0.9336786780373193,1
ba_10800862,2025-08,굽네치킨 송파점,굽네치킨,치킨,서울특별시,송파구,0,-0.213351,0.976856,seoul_internal,0.7047974695441277,1
ba_10800862,2025-09,굽네치킨 송파점,굽네치킨,치킨,서울특별시,송파구,0,-0.290318,-0.137926,seoul_internal,0.9016022425982062,1
ba_12015187,2025-08,굽네피자 길음1동점,굽네치킨,피자,서울특별시,성북구,0,-0.60758,-0.108569,seoul_internal,0.4057336066320279,1
ba_12015187,2025-09,굽네피자 길음1동점,굽네치킨,피자,서울특별시,성북구,0,-0.245116,-0.16389,seoul_internal,0.5635947636027766,1
ba_12020571,2025-08,굽네피자 수색증산점,굽네치킨,피자,서울특별시,은평구,0,0.0,-0.108569,seoul_internal,0.17438888170086447,0
ba_12020571,2025-09,굽네피자 수색증산점,굽네치킨,피자,서울특별시,은평구,0,0.0,-0.16389,seoul_internal,0.3951934596109117,1
ba_13052096,2025-08,굽네치킨 구로5동점,굽네치킨,치킨,서울특별시,구로구,1,0.629063,-0.235334,seoul_internal,0.6424580605888294,1
ba_13052096,2025-09,굽네치킨 구로5동점,굽네치킨,치킨,서울특별시,구로구,0,-0.237514,-0.015292,seoul_internal,0.8566973332722958,1
ba_13076527,2025-08,굽네치킨 창2동점,굽네치킨,치킨,서울특별시,도봉구,0,-0.128036,0.170882,seoul_internal,0.6926825691353005,1
ba_13076527,2025-09,굽네치킨 창2동점,굽네치킨,치킨,서울특별시,도봉구,0,-0.03202,-0.830775,seoul_internal,0.8266957666227533,1
ba_13085339,2025-08,굽네치킨&피자 가양점,굽네치킨,피자,서울특별시,강서구,1,0.300125,-0.108569,seoul_internal,0.2939397556498142,0
ba_13085339,2025-09,굽네치킨&피자 가양점,굽네치킨,피자,서울특별시,강서구,0,-0.898371,-0.16389,seoul_internal,0.5357508231543471,1
ba_13207953,2025-08,본죽&비빔밥 자양동점,본그룹,백반·죽·국수,서울특별시,광진구,0,0.0,-0.143104,seoul_internal,0.09729843589607057,0
ba_13207953,2025-09,본죽&비빔밥 자양동점,본그룹,백반·죽·국수,서울특별시,광진구,0,0.0,-1.827793,seoul_internal,0.0868072219486387,0
ba_13222803,2025-08,본죽 오금점,본그룹,백반·죽·국수,서울특별시,송파구,0,0.058262,-0.143104,seoul_internal,0.6208514883679896,1
ba_13222803,2025-09,본죽 오금점,본그룹,백반·죽·국수,서울특별시,송파구,0,-0.454231,-0.924863,seoul_internal,0.5501311378494521,1
ba_13223367,2025-08,본죽 성수역점,본그룹,백반·죽·국수,서울특별시,성동구,0,-0.079059,-0.143104,seoul_internal,0.5804271776825478,1
ba_13223367,2025-09,본죽 성수역점,본그룹,백반·죽·국수,서울특별시,성동구,0,0.108665,-0.706564,seoul_internal,0.5031212056713352,1
ba_13223504,2025-08,본죽&비빔밥 문정법조단지점,본그룹,백반·죽·국수,서울특별시,송파구,1,1.083051,0.856896,seoul_internal,0.5965336842268196,1
ba_13223504,2025-09,본죽&비빔밥 문정법조단지점,본그룹,백반·죽·국수,서울특별시,송파구,1,0.129147,-1.69446,seoul_internal,0.4469125364036353,1
ba_13223520,2025-08,본죽 신림고시촌점,본그룹,백반·죽·국수,서울특별시,관악구,0,-0.171305,0.356896,seoul_internal,0.8415770296651577,1
ba_13223520,2025-09,본죽 신림고시촌점,본그룹,백반·죽·국수,서울특별시,관악구,0,-0.295102,1.481315,seoul_internal,0.8057118133289501,1
ba_13223711,2025-08,본죽&비빔밥 중앙대점,본그룹,백반·죽·국수,서울특별시,동작구,1,0.433483,-0.143104,seoul_internal,0.5651071537177342,1
ba_13223711,2025-09,본죽&비빔밥 중앙대점,본그룹,백반·죽·국수,서울특별시,동작구,1,0.722629,0.008554,seoul_internal,0.7775270819005079,1
ba_13223885,2025-08,본죽&비빔밥 관악우체국점,본그룹,백반·죽·국수,서울특별시,관악구,0,0.0,-0.143104,seoul_internal,0.5786878554747016,1
ba_13223885,2025-09,본죽&비빔밥 관악우체국점,본그룹,백반·죽·국수,서울특별시,관악구,0,0.0,-1.827793,seoul_internal,0.5477889607415074,1
ba_13224027,2025-08,본죽 삼전동점,본그룹,백반·죽·국수,서울특별시,송파구,1,0.470258,-0.296045,seoul_internal,0.7960096408651,1
ba_13224027,2025-09,본죽 삼전동점,본그룹,백반·죽·국수,서울특별시,송파구,0,-0.018096,-1.006187,seoul_internal,0.7932149502476331,1
ba_13226530,2025-08,본죽&비빔밥 목동사거리점,본그룹,백반·죽·국수,서울특별시,양천구,0,-0.176148,-0.263104,seoul_internal,0.794861920455934,1
ba_13226530,2025-09,본죽&비빔밥 목동사거리점,본그룹,백반·죽·국수,서울특별시,양천구,0,-0.555114,0.651752,seoul_internal,0.7531994164822792,1
ba_13226567,2025-08,본죽 신정점,본그룹,백반·죽·국수,서울특별시,양천구,0,0.0,-0.143104,seoul_internal,0.5357384758783694,1
ba_13226567,2025-09,본죽 신정점,본그룹,백반·죽·국수,서울특별시,양천구,0,0.0,-1.827793,seoul_internal,0.5043873888889712,1
ba_13226580,2025-08,본죽 등촌역점,본그룹,백반·죽·국수,서울특별시,양천구,0,-0.535813,-0.289771,seoul_internal,0.5106241803662003,1
ba_13226580,2025-09,본죽 등촌역점,본그룹,백반·죽·국수,서울특별시,양천구,0,-0.122403,-0.683396,seoul_internal,0.4624633493435616,1
ba_13229560,2025-08,본죽 양천구청점,본그룹,백반·죽·국수,서울특별시,양천구,0,-0.2,-0.263104,seoul_internal,0.2643114493030843,0
ba_13229560,2025-09,본죽 양천구청점,본그룹,백반·죽·국수,서울특별시,양천구,0,-0.2,-1.987793,seoul_internal,0.2671350069880699,0
ba_13230793,2025-08,본죽&비빔밥 구로디지털역점,본그룹,백반·죽·국수,서울특별시,구로구,0,0.007311,-0.218104,seoul_internal,0.4717733382764939,1
ba_13230793,2025-09,본죽&비빔밥 구로디지털역점,본그룹,백반·죽·국수,서울특별시,구로구,0,-0.293587,-0.659926,seoul_internal,0.4148032997459991,1
ba_13230824,2025-08,본죽&비빔밥 가산테라타워점,본그룹,백반·죽·국수,서울특별시,금천구,0,0.065397,-0.143104,seoul_internal,0.43847511539502915,1
ba_13230824,2025-09,본죽&비빔밥 가산테라타워점,본그룹,백반·죽·국수,서울특별시,금천구,0,-0.16832,-0.73359,seoul_internal,0.3888395711324738,1
ba_13230838,2025-08,본죽&비빔밥 시흥사거리점,본그룹,백반·죽·국수,서울특별시,금천구,0,-0.21345,-0.200247,seoul_internal,0.8151772541859172,1
ba_13230838,2025-09,본죽&비빔밥 시흥사거리점,본그룹,백반·죽·국수,서울특별시,금천구,0,-0.3745,-0.907219,seoul_internal,0.8232930771528247,1
ba_13230879,2025-08,본죽&비빔밥 강남성심병원점,본그룹,백반·죽·국수,서울특별시,영등포구,0,-0.14836,-0.143104,seoul_internal,0.822683384540655,1
ba_13230879,2025-09,본죽&비빔밥 강남성심병원점,본그룹,백반·죽·국수,서울특별시,영등포구,1,0.165405,0.523018,seoul_internal,0.4764604694671076,1
ba_13230921,2025-08,본죽&비빔밥 문래홈플러스점,본그룹,백반·죽·국수,서울특별시,영등포구,0,-0.046939,0.006896,seoul_internal,0.8416266636102832,1
ba_13230921,2025-09,본죽&비빔밥 문래홈플러스점,본그룹,백반·죽·국수,서울특별시,영등포구,0,-0.192403,-0.327582,seoul_internal,0.8116925759344088,1
ba_13233027,2025-08,본죽&비빔밥 고척근린공원점,본그룹,백반·죽·국수,서울특별시,구로구,0,0.0,-0.143104,seoul_internal,0.5580027400274972,1
ba_13233027,2025-09,본죽&비빔밥 고척근린공원점,본그룹,백반·죽·국수,서울특별시,구로구,0,0.0,-1.827793,seoul_internal,0.5268272357721075,1
ba_13234475,2025-08,본죽&비빔밥 노량진점,본그룹,백반·죽·국수,서울특별시,동작구,1,0.169588,-0.25739,seoul_internal,0.7782197409852268,1
ba_13234475,2025-09,본죽&비빔밥 노량진점,본그룹,백반·죽·국수,서울특별시,동작구,1,0.314025,0.890842,seoul_internal,0.4721093506905422,1
ba_13235318,2025-08,본죽&비빔밥 상암DMC점,본그룹,백반·죽·국수,서울특별시,마포구,0,-0.2,-0.200247,seoul_internal,0.27931377581413963,0
ba_13235318,2025-09,본죽&비빔밥 상암DMC점,본그룹,백반·죽·국수,서울특별시,마포구,1,34.323723,-1.97065,seoul_internal,0.18045114835122852,0
ba_13235498,2025-08,본죽&비빔밥 외대점,본그룹,백반·죽·국수,서울특별시,동대문구,1,0.88,-0.243104,seoul_internal,0.8227382326374689,1
ba_13235498,2025-09,본죽&비빔밥 외대점,본그룹,백반·죽·국수,서울특별시,동대문구,1,1.828397,-1.742079,seoul_internal,0.8287778595338317,1
ba_13235557,2025-08,본죽 도봉동점,본그룹,백반·죽·국수,서울특별시,도봉구,0,-0.364367,-0.103104,seoul_internal,0.7927133111239487,1
ba_13235557,2025-09,본죽 도봉동점,본그룹,백반·죽·국수,서울특별시,도봉구,0,-0.654038,2.013591,seoul_internal,0.9170338861423273,1
ba_13235588,2025-08,본죽 성균관대점,본그룹,백반·죽·국수,서울특별시,종로구,0,-0.189965,-0.076437,seoul_internal,0.6334562088099723,1
ba_13235588,2025-09,본죽 성균관대점,본그룹,백반·죽·국수,서울특별시,종로구,0,-0.388118,-0.353952,seoul_internal,0.8197142116608856,1
ba_13235631,2025-08,본죽 인왕산점,본그룹,백반·죽·국수,서울특별시,서대문구,1,0.912771,-0.343104,seoul_internal,0.5327242918799419,1
ba_13235631,2025-09,본죽 인왕산점,본그룹,백반·죽·국수,서울특별시,서대문구,1,0.527065,0.555221,seoul_internal,0.49019779878786846,1
ba_13236401,2025-08,본죽 대학로본점,본그룹,백반·죽·국수,서울특별시,종로구,1,0.135319,-0.193104,seoul_internal,0.799174091955034,1
ba_13236401,2025-09,본죽 대학로본점,본그룹,백반·죽·국수,서울특별시,종로구,0,-0.098073,0.275201,seoul_internal,0.7169194781205604,1
ba_13243585,2025-08,본죽&비빔밥 쌍문점,본그룹,백반·죽·국수,서울특별시,도봉구,1,0.130164,0.590229,seoul_internal,0.8224293869839823,1
ba_13243585,2025-09,본죽&비빔밥 쌍문점,본그룹,백반·죽·국수,서울특별시,도봉구,0,-0.076224,1.016655,seoul_internal,0.7673058689314335,1
ba_13305413,2025-08,본죽&비빔밥 사당연세사랑병원점,본그룹,백반·죽·국수,서울특별시,서초구,1,0.470408,-0.143104,seoul_internal,0.4925586159047603,1
ba_13305413,2025-09,본죽&비빔밥 사당연세사랑병원점,본그룹,백반·죽·국수,서울특별시,서초구,0,-0.49216,25.124013,seoul_internal,0.4750169913002015,1
ba_13311793,2025-08,굽네치킨 연신내점,굽네치킨,치킨,서울특별시,은평구,0,-0.575586,1.226811,seoul_internal,0.1910264973890832,0
ba_13311793,2025-09,굽네치킨 연신내점,굽네치킨,치킨,서울특별시,은평구,0,-0.63163,-0.187807,seoul_internal,0.19486872155634266,0
ba_13326281,2025-08,본죽 만리점,본그룹,백반·죽·국수,서울특별시,중구,1,1.202783,-0.143104,seoul_internal,0.4963421733861287,1
ba_13326281,2025-09,본죽 만리점,본그룹,백반·죽·국수,서울특별시,중구,1,0.608991,-1.827793,seoul_internal,0.4854789314142507,1
ba_13412065,2025-08,굽네치킨 신길뉴타운점,굽네치킨,치킨,서울특별시,영등포구,1,0.192212,3.174201,seoul_internal,0.8481045816886186,1
ba_13412065,2025-09,굽네치킨 신길뉴타운점,굽네치킨,치킨,서울특별시,영등포구,0,-0.196385,1.296202,seoul_internal,0.9691543925142327,1
ba_13448308,2025-08,굽네치킨 역촌점,굽네치킨,치킨,서울특별시,은평구,0,0.0,-0.310001,seoul_internal,0.033733254117932154,0
ba_13448308,2025-09,굽네치킨 역촌점,굽네치킨,치킨,서울특별시,은평구,0,0.0,-0.166312,seoul_internal,0.03439531603777193,0
ba_13492399,2025-08,본죽&비빔밥 등촌공항대로점,본그룹,백반·죽·국수,서울특별시,강서구,0,-0.191193,-0.193104,seoul_internal,0.7848231596062089,1
ba_13492399,2025-09,본죽&비빔밥 등촌공항대로점,본그룹,백반·죽·국수,서울특별시,강서구,0,-0.287279,-0.632308,seoul_internal,0.7812580197952804,1
ba_13506840,2025-08,굽네치킨 & 피자 약수역점,굽네치킨,치킨,서울특별시,중구,0,0.0,-0.310001,seoul_internal,0.0333755926402088,0
ba_13506840,2025-09,굽네치킨 & 피자 약수역점,굽네치킨,치킨,서울특별시,중구,0,0.0,-0.166312,seoul_internal,0.03403088218017094,0
ba_13580972,2025-08,굽네치킨&피자 신수점,굽네치킨,치킨,서울특별시,마포구,0,-0.130851,-0.235548,seoul_internal,0.3852693627691272,1
ba_13580972,2025-09,굽네치킨&피자 신수점,굽네치킨,치킨,서울특별시,마포구,1,38.293402,-0.188534,seoul_internal,0.3702689702775025,1
ba_13596071,2025-08,본죽&비빔밥 연신갈현점,본그룹,백반·죽·국수,서울특별시,은평구,0,0.026326,0.556896,seoul_internal,0.8356744500936656,1
ba_13596071,2025-09,본죽&비빔밥 연신갈현점,본그룹,백반·죽·국수,서울특별시,은평구,0,-0.316722,1.270516,seoul_internal,0.7868262781065111,1
ba_13712881,2025-08,굽네치킨 등촌3동점,굽네치킨,치킨,서울특별시,강서구,0,0.0,-0.310001,seoul_internal,0.0333755926402088,0
ba_13712881,2025-09,굽네치킨 등촌3동점,굽네치킨,치킨,서울특별시,강서구,0,0.0,-0.166312,seoul_internal,0.03403088218017094,0
ba_13973745,2025-08,굽네피자 가산점,굽네치킨,피자,서울특별시,금천구,1,0.259266,-0.108569,seoul_internal,0.4970455339006119,1
ba_13973745,2025-09,굽네피자 가산점,굽네치킨,피자,서울특별시,금천구,0,-0.024006,-0.06389,seoul_internal,0.8288112951691862,1
ba_13974018,2025-08,굽네피자 송파점,굽네치킨,피자,서울특별시,송파구,0,0.0,-0.108569,seoul_internal,0.19956228484663016,0
ba_13974018,2025-09,굽네피자 송파점,굽네치킨,피자,서울특별시,송파구,0,0.0,-0.16389,seoul_internal,0.4354302168953735,1
ba_13975731,2025-08,굽네피자 신길뉴타운점,굽네치킨,피자,서울특별시,영등포구,0,-0.815515,0.163822,seoul_internal,0.30415531061770623,0
ba_13975731,2025-09,굽네피자 신길뉴타운점,굽네치킨,피자,서울특별시,영등포구,0,-1.0,-0.361132,seoul_internal,0.561371341565669,1
ba_13976690,2025-08,굽네피자 신수점,굽네치킨,피자,서울특별시,마포구,0,0.0,-0.308569,seoul_internal,0.20676737046789062,0
ba_13976690,2025-09,굽네피자 신수점,굽네치킨,피자,서울특별시,마포구,1,0.522981,-0.36389,seoul_internal,0.3691556868429446,1
ba_13977167,2025-08,굽네피자 연신내점,굽네치킨,피자,서울특별시,은평구,0,-0.249664,0.759924,seoul_internal,0.09481862927578434,0
ba_13977167,2025-09,굽네피자 연신내점,굽네치킨,피자,서울특별시,은평구,0,-0.853684,1.745699,seoul_internal,0.1391668504616315,0
ba_13984579,2025-08,굽네피자 암사3동점,굽네치킨,피자,서울특별시,강동구,1,6.091558,1.091431,seoul_internal,0.4954718043177191,1
ba_13984579,2025-09,굽네피자 암사3동점,굽네치킨,피자,서울특별시,강동구,1,1.054142,-0.16389,seoul_internal,0.7733943490279676,1
ba_14042200,2025-08,본죽&비빔밥 왕십리뉴타운점,본그룹,백반·죽·국수,서울특별시,성동구,0,-0.292504,-0.009771,seoul_internal,0.8513940465350278,1
ba_14042200,2025-09,본죽&비빔밥 왕십리뉴타운점,본그룹,백반·죽·국수,서울특별시,성동구,0,-0.509819,0.294655,seoul_internal,0.5149712587326467,1
ba_14103678,2025-08,굽네치킨&피자 불광점,굽네치킨,치킨,서울특별시,은평구,0,0.0,-0.310001,seoul_internal,0.038363605695838465,0
ba_14103678,2025-09,굽네치킨&피자 불광점,굽네치킨,치킨,서울특별시,은평구,0,0.0,-0.166312,seoul_internal,0.03911286613800183,0
ba_14117511,2025-08,굽네치킨 논현1동점,굽네치킨,치킨,서울특별시,강남구,0,-0.203634,1.043168,seoul_internal,0.7243797889537933,1
ba_14117511,2025-09,굽네치킨 논현1동점,굽네치킨,치킨,서울특별시,강남구,0,-0.243568,-0.383628,seoul_internal,0.9634897504428238,1
ba_14117512,2025-08,굽네피자 논현1동점,굽네치킨,피자,서울특별시,강남구,0,-0.049783,-0.159934,seoul_internal,0.6962931834367583,1
ba_14117512,2025-09,굽네피자 논현1동점,굽네치킨,피자,서울특별시,강남구,0,-0.16464,-0.058479,seoul_internal,0.6507950718682043,1
ba_14189471,2025-08,굽네피자 등촌3동점,굽네치킨,피자,서울특별시,강서구,0,0.0,-0.108569,seoul_internal,0.05667095086475981,0
ba_14189471,2025-09,굽네피자 등촌3동점,굽네치킨,피자,서울특별시,강서구,0,0.0,-0.16389,seoul_internal,0.05529814285077721,0
ba_14189864,2025-08,굽네피자 & 피자 약수역점,굽네치킨,피자,서울특별시,중구,0,0.0,-0.108569,seoul_internal,0.07240904201096048,0
ba_14189864,2025-09,굽네피자 & 피자 약수역점,굽네치킨,피자,서울특별시,중구,0,0.0,-0.16389,seoul_internal,0.0706835579185398,0
ba_14189925,2025-08,굽네피자 불광점,굽네치킨,피자,서울특별시,은평구,0,0.0,-0.108569,seoul_internal,0.06967368550665984,0
ba_14189925,2025-09,굽네피자 불광점,굽네치킨,피자,서울특별시,은평구,0,0.0,-0.16389,seoul_internal,0.06800860504988983,0
ba_14199673,2025-08,굽네피자 가양점,굽네치킨,피자,서울특별시,강서구,0,0.0,-0.108569,seoul_internal,0.20414431122547738,0
ba_14199673,2025-09,굽네피자 가양점,굽네치킨,피자,서울특별시,강서구,0,0.0,-0.16389,seoul_internal,0.44243442925434834,1
ba_14228061,2025-08,굽네치킨 월계2동점,굽네치킨,치킨,서울특별시,노원구,0,-0.078387,-0.584534,seoul_internal,0.5072483669268794,1
ba_14228061,2025-09,굽네치킨 월계2동점,굽네치킨,치킨,서울특별시,노원구,0,-0.022421,-0.591231,seoul_internal,0.7791890882148673,1
ba_14228062,2025-08,굽네피자 월계2동점,굽네치킨,피자,서울특별시,노원구,0,-0.268681,1.044904,seoul_internal,0.3075073185760925,0
ba_14228062,2025-09,굽네피자 월계2동점,굽네치킨,피자,서울특별시,노원구,1,0.580432,-0.862638,seoul_internal,0.5405646688844111,1
ba_14228480,2025-08,굽네치킨 중곡1동점,굽네치킨,치킨,서울특별시,광진구,1,0.728357,-1.085261,seoul_internal,0.14556913753044756,0
ba_14228480,2025-09,굽네치킨 중곡1동점,굽네치킨,치킨,서울특별시,광진구,1,1.658402,-0.918903,seoul_internal,0.8282994947613619,1
ba_14228481,2025-08,굽네피자 중곡1동점,굽네치킨,피자,서울특별시,광진구,1,0.197957,-0.596772,seoul_internal,0.2568977588355035,0
ba_14228481,2025-09,굽네피자 중곡1동점,굽네치킨,피자,서울특별시,광진구,0,-0.108541,-0.747458,seoul_internal,0.66641902647476,1
ba_14229365,2025-08,굽네치킨&피자 중곡1동점,굽네치킨,치킨,서울특별시,광진구,1,0.929917,-0.791512,seoul_internal,0.40587218403588415,1
ba_14229365,2025-09,굽네치킨&피자 중곡1동점,굽네치킨,치킨,서울특별시,광진구,1,0.720061,-0.661973,seoul_internal,0.8046847388059712,1
ba_14252159,2025-08,굽네치킨 사당2동점,굽네치킨,치킨,서울특별시,동작구,0,0.0,-0.310001,seoul_internal,0.03661097456360782,0
ba_14252159,2025-09,굽네치킨 사당2동점,굽네치킨,치킨,서울특별시,동작구,0,0.0,-0.166312,seoul_internal,0.03732733392031063,0
ba_14252162,2025-08,굽네피자 사당2동점,굽네치킨,피자,서울특별시,동작구,0,0.0,-0.108569,seoul_internal,0.06659032108056143,0
ba_14252162,2025-09,굽네피자 사당2동점,굽네치킨,피자,서울특별시,동작구,0,0.0,-0.16389,seoul_internal,0.06499377982275589,0
ba_14253619,2025-08,본죽&비빔밥 문래힐스테이트점,본그룹,백반·죽·국수,서울특별시,영등포구,1,0.184647,0.256896,seoul_internal,0.7617369833453921,1
ba_14253619,2025-09,본죽&비빔밥 문래힐스테이트점,본그룹,백반·죽·국수,서울특별시,영등포구,0,0.040863,-0.312322,seoul_internal,0.457646241469076,1
ba_14254080,2025-08,굽네치킨&피자 망우본동점,굽네치킨,치킨,서울특별시,중랑구,1,1.570686,-0.804383,seoul_internal,0.1539027674481292,0
ba_14254080,2025-09,굽네치킨&피자 망우본동점,굽네치킨,치킨,서울특별시,중랑구,1,0.610853,-0.502759,seoul_internal,0.7086837557274682,1
ba_14267751,2025-08,굽네치킨 신정7동점,굽네치킨,치킨,서울특별시,양천구,1,0.425288,-0.030322,seoul_internal,0.5203649120177058,1
ba_14267751,2025-09,굽네치킨 신정7동점,굽네치킨,치킨,서울특별시,양천구,1,0.302575,-0.024955,seoul_internal,0.7759970753282253,1
ba_14274576,2025-08,굽네치킨&피자 갈현점,굽네치킨,치킨,서울특별시,은평구,0,0.0,-0.310001,seoul_internal,0.13586380509493867,0
ba_14274576,2025-09,굽네치킨&피자 갈현점,굽네치킨,치킨,서울특별시,은평구,0,0.0,-0.166312,seoul_internal,0.3374505473116573,0
ba_14283482,2025-08,본죽&비빔밥 목동역점,본그룹,백반·죽·국수,서울특별시,양천구,0,-0.812511,-0.143104,seoul_internal,0.8257424299627342,1
ba_14283482,2025-09,본죽&비빔밥 목동역점,본그룹,백반·죽·국수,서울특별시,양천구,0,-0.83411,-0.12242,seoul_internal,0.45862198655321995,1
ba_14308401,2025-08,굽네치킨 삼성2동점,굽네치킨,치킨,서울특별시,강남구,0,0.0,-1.310001,seoul_internal,0.11940696233075065,0
ba_14308401,2025-09,굽네치킨 삼성2동점,굽네치킨,치킨,서울특별시,강남구,0,0.0,-0.166312,seoul_internal,0.2970318547829147,0
ba_14308402,2025-08,굽네피자 삼성2동점,굽네치킨,피자,서울특별시,강남구,0,0.0,-0.908569,seoul_internal,0.20791185265273052,0
ba_14308402,2025-09,굽네피자 삼성2동점,굽네치킨,피자,서울특별시,강남구,0,0.0,-0.16389,seoul_internal,0.42851130628275685,1
ba_14309634,2025-08,굽네치킨&피자 삼성2동점,굽네치킨,치킨,서울특별시,강남구,1,1.349511,-0.010869,seoul_internal,0.45227564067766823,1
ba_14309634,2025-09,굽네치킨&피자 삼성2동점,굽네치킨,치킨,서울특별시,강남구,1,0.632003,-0.333007,seoul_internal,0.9816782515862208,1
ba_14387630,2025-08,굽네치킨 등촌2동점,굽네치킨,치킨,서울특별시,강서구,0,-0.036966,-0.364309,seoul_internal,0.5452600681929264,1
ba_14387630,2025-09,굽네치킨 등촌2동점,굽네치킨,치킨,서울특별시,강서구,0,-0.176671,-0.420981,seoul_internal,0.8308698657943483,1
ba_14388856,2025-08,굽네치킨&피자 여의도1호점,굽네치킨,치킨,서울특별시,영등포구,0,-0.199023,-0.324614,seoul_internal,0.5539480018851292,1
ba_14388856,2025-09,굽네치킨&피자 여의도1호점,굽네치킨,치킨,서울특별시,영등포구,0,-0.279276,-0.590167,seoul_internal,0.8426187585412864,1
ba_14388863,2025-08,굽네피자 여의도1호점,굽네치킨,피자,서울특별시,영등포구,1,1.282034,-0.857169,seoul_internal,0.31234689123447745,0
ba_14388863,2025-09,굽네피자 여의도1호점,굽네치킨,피자,서울특별시,영등포구,1,0.131334,-0.602543,seoul_internal,0.6423194199487896,1
ba_14392310,2025-08,굽네피자 등촌2동점,굽네치킨,피자,서울특별시,강서구,1,1.017397,5.574693,seoul_internal,0.49869760140989805,1
ba_14392310,2025-09,굽네피자 등촌2동점,굽네치킨,피자,서울특별시,강서구,1,1.176765,-0.042504,seoul_internal,0.7562504214309449,1
ba_14440680,2025-08,굽네치킨&피자 면목점,굽네치킨,치킨,서울특별시,중랑구,0,-0.246082,-0.250373,seoul_internal,0.5009988699010344,1
ba_14440680,2025-09,굽네치킨&피자 면목점,굽네치킨,치킨,서울특별시,중랑구,0,-0.272452,-0.421993,seoul_internal,0.7642142611759352,1
ba_14440681,2025-08,굽네피자 면목점,굽네치킨,피자,서울특별시,중랑구,0,-0.785708,0.944899,seoul_internal,0.45331135571451,1
ba_14440681,2025-09,굽네피자 면목점,굽네치킨,피자,서울특별시,중랑구,0,-0.601884,-0.7787,seoul_internal,0.6541595109561756,1
ba_14488495,2025-08,본죽&비빔밥 역촌점,본그룹,백반·죽·국수,서울특별시,은평구,0,-0.12,1.656896,seoul_internal,0.14375571706662613,0
ba_14488495,2025-09,본죽&비빔밥 역촌점,본그룹,백반·죽·국수,서울특별시,은평구,0,-0.133333,-1.877793,seoul_internal,0.07464069725313918,0
ba_14506379,2025-08,본죽&비빔밥 방학역점,본그룹,백반·죽·국수,서울특별시,도봉구,0,0.017576,-0.243104,seoul_internal,0.8065387452758095,1
ba_14506379,2025-09,본죽&비빔밥 방학역점,본그룹,백반·죽·국수,서울특별시,도봉구,0,-0.271108,0.326376,seoul_internal,0.8005247956810259,1
ba_14542191,2025-08,굽네피자 응암1호점,굽네치킨,피자,서울특별시,은평구,0,0.0,-0.108569,seoul_internal,0.06781052884166883,0
ba_14542191,2025-09,굽네피자 응암1호점,굽네치킨,피자,서울특별시,은평구,0,0.0,-0.16389,seoul_internal,0.06618680684591358,0
ba_14551802,2025-08,본죽&비빔밥 명동2호점,본그룹,백반·죽·국수,서울특별시,중구,1,0.282624,-0.343104,seoul_internal,0.696060530595696,1
ba_14551802,2025-09,본죽&비빔밥 명동2호점,본그룹,백반·죽·국수,서울특별시,중구,0,0.09302,-0.078135,seoul_internal,0.6473657749509619,1
ba_14557869,2025-08,굽네치킨 화곡4동점,굽네치킨,치킨,서울특별시,강서구,0,-0.370035,-0.455759,seoul_internal,0.5051559989358274,1
ba_14557869,2025-09,굽네치킨 화곡4동점,굽네치킨,치킨,서울특별시,강서구,0,-0.129799,-0.713457,seoul_internal,0.7488843060155628,1
ba_14557882,2025-08,굽네치킨 신방화역점,굽네치킨,치킨,서울특별시,강서구,0,0.034612,0.969127,seoul_internal,0.6426680703915149,1
ba_14557882,2025-09,굽네치킨 신방화역점,굽네치킨,치킨,서울특별시,강서구,0,-0.023328,-0.374363,seoul_internal,0.8190313201420307,1
ba_14569929,2025-08,굽네치킨 응암1호점,굽네치킨,치킨,서울특별시,은평구,0,0.0,-0.310001,seoul_internal,0.05395455289851031,0
ba_14569929,2025-09,굽네치킨 응암1호점,굽네치킨,치킨,서울특별시,은평구,0,0.0,-0.166312,seoul_internal,0.05499089966366343,0
ba_14597164,2025-08,굽네치킨&피자 역삼2동점,굽네치킨,치킨,서울특별시,강남구,1,0.9739,0.037905,seoul_internal,0.3956699324279744,1
ba_14597164,2025-09,굽네치킨&피자 역삼2동점,굽네치킨,치킨,서울특별시,강남구,1,1.17665,-0.584003,seoul_internal,0.8298807232344484,1
ba_14597165,2025-08,굽네피자 역삼2동점,굽네치킨,피자,서울특별시,강남구,0,-0.703557,-0.796023,seoul_internal,0.19161837970679482,0
ba_14597165,2025-09,굽네피자 역삼2동점,굽네치킨,피자,서울특별시,강남구,0,-0.372066,-1.01449,seoul_internal,0.5679393132548496,1
ba_14620216,2025-08,굽네치킨&피자 북아현점,굽네치킨,치킨,서울특별시,서대문구,0,-0.053012,-0.294417,seoul_internal,0.4400195566434261,1
ba_14620216,2025-09,굽네치킨&피자 북아현점,굽네치킨,치킨,서울특별시,서대문구,0,-0.033628,-0.166312,seoul_internal,0.6826740043588946,1
ba_14652311,2025-08,굽네치킨&피자 강남세곡점,굽네치킨,치킨,서울특별시,강남구,0,-0.261263,1.01291,seoul_internal,0.26221233944464517,0
ba_14652311,2025-09,굽네치킨&피자 강남세곡점,굽네치킨,치킨,서울특별시,강남구,0,-0.308845,-0.177299,seoul_internal,0.49850521922886964,1
ba_14665998,2025-08,본죽&비빔밥 오금동사거리점,본그룹,백반·죽·국수,서울특별시,송파구,1,0.176599,-0.343104,seoul_internal,0.5282586915069384,1
ba_14665998,2025-09,본죽&비빔밥 오금동사거리점,본그룹,백반·죽·국수,서울특별시,송파구,0,-0.048585,1.670491,seoul_internal,0.48072105341869514,1
ba_14673508,2025-08,본죽&비빔밥 고덕래미안점,본그룹,백반·죽·국수,서울특별시,강동구,0,-0.38545,0.056896,seoul_internal,0.7990758788584178,1
ba_14673508,2025-09,본죽&비빔밥 고덕래미안점,본그룹,백반·죽·국수,서울특별시,강동구,0,-0.514386,0.016151,seoul_internal,0.4845727613353218,1
ba_14686990,2025-08,본죽 문정로데오점,본그룹,백반·죽·국수,서울특별시,송파구,0,-0.231644,-0.076437,seoul_internal,0.5531175912128896,1
ba_14686990,2025-09,본죽 문정로데오점,본그룹,백반·죽·국수,서울특별시,송파구,0,-0.32398,-1.05299,seoul_internal,0.4829774546940783,1
ba_14686997,2025-08,본죽 삼전동점,본그룹,백반·죽·국수,서울특별시,송파구,0,0.027121,-0.029019,seoul_internal,0.9946939306361504,1
ba_14686997,2025-09,본죽 삼전동점,본그룹,백반·죽·국수,서울특별시,송파구,0,-0.185728,0.469531,seoul_internal,0.987256268959684,1
ba_14687060,2025-08,본죽&비빔밥 천호로데오점,본그룹,백반·죽·국수,서울특별시,강동구,0,-0.779455,-0.0394,seoul_internal,0.8547273138829865,1
ba_14687060,2025-09,본죽&비빔밥 천호로데오점,본그룹,백반·죽·국수,서울특별시,강동구,0,-0.205607,-1.718104,seoul_internal,0.8034141908475706,1
ba_14687076,2025-08,본죽 양천구청점,본그룹,백반·죽·국수,서울특별시,양천구,0,-0.013793,-0.186347,seoul_internal,0.33103522287660136,0
ba_14687076,2025-09,본죽 양천구청점,본그룹,백반·죽·국수,서울특별시,양천구,0,-0.04,-1.856364,seoul_internal,0.3198813626656077,0
ba_14687088,2025-08,본죽 길동시장점,본그룹,백반·죽·국수,서울특별시,강동구,0,0.065386,-0.15932,seoul_internal,0.7196649483033505,1
ba_14687088,2025-09,본죽 길동시장점,본그룹,백반·죽·국수,서울특별시,강동구,0,-0.219564,0.691901,seoul_internal,0.588190660920901,1
ba_14687092,2025-08,본죽 동부이촌동점,본그룹,백반·죽·국수,서울특별시,용산구,0,0.028032,-0.000247,seoul_internal,0.7202179465690542,1
ba_14687092,2025-09,본죽 동부이촌동점,본그룹,백반·죽·국수,서울특별시,용산구,0,-0.343861,0.751847,seoul_internal,0.8565616073885677,1
ba_14687115,2025-08,본죽 강서구청점,본그룹,백반·죽·국수,서울특별시,강서구,1,0.282369,-0.185209,seoul_internal,0.9358252876222519,1
ba_14687115,2025-09,본죽 강서구청점,본그룹,백반·죽·국수,서울특별시,강서구,1,0.238219,-0.38791,seoul_internal,0.7940645020972757,1
ba_14687119,2025-08,본죽 성균관대점,본그룹,백반·죽·국수,서울특별시,종로구,1,0.280753,0.136896,seoul_internal,0.9421365926377322,1
ba_14687119,2025-09,본죽 성균관대점,본그룹,백반·죽·국수,서울특별시,종로구,0,-0.0399,2.187608,seoul_internal,0.9156221488455852,1
ba_14687134,2025-08,본죽 만리점,본그룹,백반·죽·국수,서울특별시,중구,1,0.334857,-0.066181,seoul_internal,0.6922148564362242,1
ba_14687134,2025-09,본죽 만리점,본그룹,백반·죽·국수,서울특별시,중구,0,-0.115422,-1.898063,seoul_internal,0.6662548864813821,1
ba_14687136,2025-08,본죽 서울백병원점,본그룹,백반·죽·국수,서울특별시,중구,0,-0.335696,-0.209771,seoul_internal,0.5057305558686824,1
ba_14687136,2025-09,본죽 서울백병원점,본그룹,백반·죽·국수,서울특별시,중구,0,-0.443538,1.604371,seoul_internal,0.38238974451104124,1
ba_14687137,2025-08,본죽&비빔밥 명동점,본그룹,백반·죽·국수,서울특별시,중구,1,2.425328,0.656896,seoul_internal,0.6288344906240902,1
ba_14687137,2025-09,본죽&비빔밥 명동점,본그룹,백반·죽·국수,서울특별시,중구,1,1.840807,3.071161,seoul_internal,0.3539421869143488,1
ba_14687166,2025-08,본죽&비빔밥 등촌공항대로점,본그룹,백반·죽·국수,서울특별시,강서구,1,0.636386,0.175415,seoul_internal,0.887692164886916,1
ba_14687166,2025-09,본죽&비빔밥 등촌공항대로점,본그룹,백반·죽·국수,서울특별시,강서구,1,0.287741,1.905389,seoul_internal,0.8716246608283101,1
ba_14687296,2025-08,본죽&비빔밥 봉일시장점,본그룹,백반·죽·국수,서울특별시,관악구,0,0.022222,-0.171045,seoul_internal,0.8456520463997351,1
ba_14687296,2025-09,본죽&비빔밥 봉일시장점,본그룹,백반·죽·국수,서울특별시,관악구,1,1.117819,-1.786471,seoul_internal,0.9243129943140063,1
ba_14687304,2025-08,본죽&비빔밥 관악우체국점,본그룹,백반·죽·국수,서울특별시,관악구,0,0.0,-0.143104,seoul_internal,0.5786878554747016,1
ba_14687304,2025-09,본죽&비빔밥 관악우체국점,본그룹,백반·죽·국수,서울특별시,관악구,0,0.0,-1.827793,seoul_internal,0.5477889607415074,1
ba_14687307,2025-08,본죽&비빔밥 봉천현대시장점,본그룹,백반·죽·국수,서울특별시,관악구,0,0.030801,0.023563,seoul_internal,0.6097736375582948,1
ba_14687307,2025-09,본죽&비빔밥 봉천현대시장점,본그룹,백반·죽·국수,서울특별시,관악구,0,-0.041265,0.286265,seoul_internal,0.49426808450696164,1
ba_14687310,2025-08,본죽&비빔밥 가산디지털점,본그룹,백반·죽·국수,서울특별시,금천구,1,0.130738,-0.152195,seoul_internal,0.7760352320884305,1
ba_14687310,2025-09,본죽&비빔밥 가산디지털점,본그룹,백반·죽·국수,서울특별시,금천구,0,-0.123284,0.534228,seoul_internal,0.7321140325126739,1
ba_14687315,2025-08,본죽&비빔밥 뚝섬유원지역점,본그룹,백반·죽·국수,서울특별시,광진구,1,0.368266,-0.070377,seoul_internal,0.7486387326037097,1
ba_14687315,2025-09,본죽&비빔밥 뚝섬유원지역점,본그룹,백반·죽·국수,서울특별시,광진구,0,0.032175,2.648504,seoul_internal,0.6194862332115559,1
ba_14687318,2025-08,본죽&비빔밥 독산정훈단지점,본그룹,백반·죽·국수,서울특별시,금천구,1,0.189516,0.376896,seoul_internal,0.9606509223378574,1
ba_14687318,2025-09,본죽&비빔밥 독산정훈단지점,본그룹,백반·죽·국수,서울특별시,금천구,0,-0.211111,1.746794,seoul_internal,0.9365326000908987,1
ba_14687322,2025-08,본죽&비빔밥 구의시장점,본그룹,백반·죽·국수,서울특별시,광진구,1,0.752753,-0.219294,seoul_internal,0.8336728416919496,1
ba_14687322,2025-09,본죽&비빔밥 구의시장점,본그룹,백반·죽·국수,서울특별시,광진구,1,0.454834,0.62413,seoul_internal,0.7930699002723626,1
ba_14687323,2025-08,본죽&비빔밥 관악구청점,본그룹,백반·죽·국수,서울특별시,관악구,1,0.322392,-0.06942,seoul_internal,0.5756646647677568,1
ba_14687323,2025-09,본죽&비빔밥 관악구청점,본그룹,백반·죽·국수,서울특별시,관악구,1,0.215389,0.036715,seoul_internal,0.4739090876757397,1
ba_14687326,2025-08,본죽&비빔밥 개봉점,본그룹,백반·죽·국수,서울특별시,구로구,1,0.29972,0.061151,seoul_internal,0.9473135215714578,1
ba_14687326,2025-09,본죽&비빔밥 개봉점,본그룹,백반·죽·국수,서울특별시,구로구,0,-0.01843,1.300503,seoul_internal,0.9336413661568513,1
ba_14687327,2025-08,본죽&비빔밥 시흥사거리점,본그룹,백반·죽·국수,서울특별시,금천구,0,-0.193272,-0.077887,seoul_internal,0.9352282147546976,1
ba_14687327,2025-09,본죽&비빔밥 시흥사거리점,본그룹,백반·죽·국수,서울특별시,금천구,0,-0.200361,-0.642548,seoul_internal,0.9088900403759061,1
ba_14687333,2025-08,본죽&비빔밥 석계역점,본그룹,백반·죽·국수,서울특별시,노원구,0,0.074788,-0.087104,seoul_internal,0.9473276170653703,1
ba_14687333,2025-09,본죽&비빔밥 석계역점,본그룹,백반·죽·국수,서울특별시,노원구,0,-0.12447,1.486441,seoul_internal,0.9210484660940582,1
ba_14687334,2025-08,본죽&비빔밥 고척근린공원점,본그룹,백반·죽·국수,서울특별시,구로구,0,0.0,-0.143104,seoul_internal,0.5580027400274972,1
ba_14687334,2025-09,본죽&비빔밥 고척근린공원점,본그룹,백반·죽·국수,서울특별시,구로구,0,0.0,-1.827793,seoul_internal,0.5268272357721075,1
ba_14687335,2025-08,본죽&비빔밥 광운대역점,본그룹,백반·죽·국수,서울특별시,노원구,1,0.224824,-0.073421,seoul_internal,0.9835102295217978,1
ba_14687335,2025-09,본죽&비빔밥 광운대역점,본그룹,백반·죽·국수,서울특별시,노원구,0,-0.143703,2.323931,seoul_internal,0.9725829960111091,1
ba_14687340,2025-08,본죽&비빔밥 방학역점,본그룹,백반·죽·국수,서울특별시,도봉구,1,0.21413,-0.128179,seoul_internal,0.9267014291090835,1
ba_14687340,2025-09,본죽&비빔밥 방학역점,본그룹,백반·죽·국수,서울특별시,도봉구,0,0.014451,0.852664,seoul_internal,0.8984194604795408,1
ba_14687341,2025-08,본죽&비빔밥 봉천역점,본그룹,백반·죽·국수,서울특별시,관악구,0,-0.150247,-0.207104,seoul_internal,0.8436134101164043,1
ba_14687341,2025-09,본죽&비빔밥 봉천역점,본그룹,백반·죽·국수,서울특별시,관악구,0,-0.144443,-0.345076,seoul_internal,0.8041384921693918,1
ba_14687344,2025-08,본죽&비빔밥 쌍문점,본그룹,백반·죽·국수,서울특별시,도봉구,1,0.621452,2.336896,seoul_internal,0.9908240455931397,1
ba_14687344,2025-09,본죽&비빔밥 쌍문점,본그룹,백반·죽·국수,서울특별시,도봉구,0,0.11354,4.272854,seoul_internal,0.9792905261205613,1
ba_14687347,2025-08,본죽&비빔밥 둔촌보훈병원점,본그룹,백반·죽·국수,서울특별시,강동구,0,-0.2,-0.319104,seoul_internal,0.5150943062149974,1
ba_14687347,2025-09,본죽&비빔밥 둔촌보훈병원점,본그룹,백반·죽·국수,서울특별시,강동구,0,0.0,-2.027793,seoul_internal,0.48261334369193915,1
ba_14687350,2025-08,본죽&비빔밥 구로구청점,본그룹,백반·죽·국수,서울특별시,구로구,0,-0.086015,-0.066788,seoul_internal,0.9919483307978016,1
ba_14687350,2025-09,본죽&비빔밥 구로구청점,본그룹,백반·죽·국수,서울특별시,구로구,0,-0.209916,0.184865,seoul_internal,0.9800612810727044,1
ba_14687354,2025-08,본죽&비빔밥 신도림점,본그룹,백반·죽·국수,서울특별시,구로구,0,-0.048716,-0.162152,seoul_internal,0.8120888779274309,1
ba_14687354,2025-09,본죽&비빔밥 신도림점,본그룹,백반·죽·국수,서울특별시,구로구,0,-0.261884,-0.052248,seoul_internal,0.7233294749076709,1
ba_14687365,2025-08,본죽&비빔밥 덕성여대점,본그룹,백반·죽·국수,서울특별시,도봉구,0,0.107586,-0.096045,seoul_internal,0.7186859206442513,1
ba_14687365,2025-09,본죽&비빔밥 덕성여대점,본그룹,백반·죽·국수,서울특별시,도봉구,0,-0.182516,0.935071,seoul_internal,0.6718660481349941,1
ba_14687368,2025-08,본죽&비빔밥 장안동점,본그룹,백반·죽·국수,서울특별시,동대문구,1,0.251237,-0.110451,seoul_internal,0.9529626997983168,1
ba_14687368,2025-09,본죽&비빔밥 장안동점,본그룹,백반·죽·국수,서울특별시,동대문구,0,-0.106295,1.922432,seoul_internal,0.9151783573866948,1
ba_14687382,2025-08,본죽&비빔밥 노량진점,본그룹,백반·죽·국수,서울특별시,동작구,1,0.240145,0.010519,seoul_internal,0.9266939852074323,1
ba_14687382,2025-09,본죽&비빔밥 노량진점,본그룹,백반·죽·국수,서울특별시,동작구,0,-0.195077,2.234087,seoul_internal,0.8964949055439967,1
ba_14687388,2025-08,본죽&비빔밥 중곡사거리점,본그룹,백반·죽·국수,서울특별시,광진구,0,0.07907,-0.221977,seoul_internal,0.5420765558253782,1
ba_14687388,2025-09,본죽&비빔밥 중곡사거리점,본그룹,백반·죽·국수,서울특별시,광진구,1,60.277047,-1.786126,seoul_internal,0.5312840455353248,1
ba_14687493,2025-08,본죽&비빔밥 상암DMC점,본그룹,백반·죽·국수,서울특별시,마포구,1,0.2,-0.193104,seoul_internal,0.2616656561323784,0
ba_14687493,2025-09,본죽&비빔밥 상암DMC점,본그룹,백반·죽·국수,서울특별시,마포구,1,115.870435,-1.713507,seoul_internal,0.3163731809747091,0
ba_14687497,2025-08,본죽 대림점,본그룹,백반·죽·국수,서울특별시,동작구,0,-0.049219,-0.206262,seoul_internal,0.7575942272306592,1
ba_14687497,2025-09,본죽 대림점,본그룹,백반·죽·국수,서울특별시,동작구,0,-0.146168,-0.680883,seoul_internal,0.5187593424531736,1
ba_14687859,2025-08,본죽&비빔밥 제기동역점,본그룹,백반·죽·국수,서울특별시,동대문구,0,0.0,-0.143104,seoul_internal,0.5295133908252634,1
ba_14687859,2025-09,본죽&비빔밥 제기동역점,본그룹,백반·죽·국수,서울특별시,동대문구,0,0.0,-1.827793,seoul_internal,0.49813572405424283,1
ba_14688086,2025-08,본죽&비빔밥 보라매점,본그룹,백반·죽·국수,서울특별시,동작구,1,0.596875,-0.130604,seoul_internal,0.8689910450557137,1
ba_14688086,2025-09,본죽&비빔밥 보라매점,본그룹,백반·죽·국수,서울특별시,동작구,0,-0.122359,-1.813507,seoul_internal,0.8637727890461322,1
ba_14688088,2025-08,본죽&비빔밥 대흥역점,본그룹,백반·죽·국수,서울특별시,마포구,0,0.04323,-0.074013,seoul_internal,0.9839395060578652,1
ba_14688088,2025-09,본죽&비빔밥 대흥역점,본그룹,백반·죽·국수,서울특별시,마포구,0,-0.338692,3.897188,seoul_internal,0.9478247100932635,1
ba_14688093,2025-08,본죽&비빔밥 상암하늘초교점,본그룹,백반·죽·국수,서울특별시,마포구,0,-0.071993,0.019396,seoul_internal,0.9035278317336256,1
ba_14688093,2025-09,본죽&비빔밥 상암하늘초교점,본그룹,백반·죽·국수,서울특별시,마포구,0,-0.261649,0.709255,seoul_internal,0.8578268901900763,1
ba_14688108,2025-08,본죽&비빔밥 중앙대점,본그룹,백반·죽·국수,서울특별시,동작구,0,0.065262,0.02275,seoul_internal,0.9181146913627122,1
ba_14688108,2025-09,본죽&비빔밥 중앙대점,본그룹,백반·죽·국수,서울특별시,동작구,0,-0.090529,0.315006,seoul_internal,0.8842207924475394,1
ba_14688114,2025-08,본죽&비빔밥 신촌점,본그룹,백반·죽·국수,서울특별시,서대문구,0,0.09556,0.546127,seoul_internal,0.9945040750124685,1
ba_14688114,2025-09,본죽&비빔밥 신촌점,본그룹,백반·죽·국수,서울특별시,서대문구,0,-0.150916,2.038239,seoul_internal,0.9826027347675671,1
ba_14688176,2025-08,본죽&비빔밥 옥수점,본그룹,백반·죽·국수,서울특별시,성동구,1,0.161793,-0.132578,seoul_internal,0.6967532993417104,1
ba_14688176,2025-09,본죽&비빔밥 옥수점,본그룹,백반·죽·국수,서울특별시,성동구,0,-0.181223,1.833341,seoul_internal,0.6297808725898385,1
ba_14688180,2025-08,본죽&비빔밥 왕십리뉴타운점,본그룹,백반·죽·국수,서울특별시,성동구,0,0.108215,-0.003378,seoul_internal,0.9546789383084318,1
ba_14688180,2025-09,본죽&비빔밥 왕십리뉴타운점,본그룹,백반·죽·국수,서울특별시,성동구,0,-0.251439,1.321873,seoul_internal,0.9491695310635455,1
ba_14688196,2025-08,본죽 홍제점,본그룹,백반·죽·국수,서울특별시,서대문구,0,0.021635,-0.256829,seoul_internal,0.7016397033038838,1
ba_14688196,2025-09,본죽 홍제점,본그룹,백반·죽·국수,서울특별시,서대문구,0,-0.220331,3.373251,seoul_internal,0.7462869836876873,1
ba_14688197,2025-08,본죽 인왕산점,본그룹,백반·죽·국수,서울특별시,서대문구,1,0.689343,0.156896,seoul_internal,0.8993818617297601,1
ba_14688197,2025-09,본죽 인왕산점,본그룹,백반·죽·국수,서울특별시,서대문구,1,0.191675,5.623827,seoul_internal,0.8370085016240787,1
ba_14688207,2025-08,본죽 이대점,본그룹,백반·죽·국수,서울특별시,서대문구,1,0.390215,-0.05739,seoul_internal,0.5442054306609396,1
ba_14688207,2025-09,본죽 이대점,본그룹,백반·죽·국수,서울특별시,서대문구,0,-0.007589,1.219675,seoul_internal,0.49898848705324583,1
ba_14688336,2025-08,본죽&비빔밥 고려대점,본그룹,백반·죽·국수,서울특별시,성북구,0,0.052308,-0.178547,seoul_internal,0.8422867146903393,1
ba_14688336,2025-09,본죽&비빔밥 고려대점,본그룹,백반·죽·국수,서울특별시,성북구,1,1.437812,-1.847237,seoul_internal,0.9168982282622424,1
ba_14688337,2025-08,본죽&비빔밥 장위뉴타운점,본그룹,백반·죽·국수,서울특별시,성북구,1,0.48881,-0.128818,seoul_internal,0.85451438338943,1
ba_14688337,2025-09,본죽&비빔밥 장위뉴타운점,본그룹,백반·죽·국수,서울특별시,성북구,0,-0.003527,1.851899,seoul_internal,0.8144177384958018,1
ba_14688363,2025-08,본죽&비빔밥 목동역점,본그룹,백반·죽·국수,서울특별시,양천구,0,-0.513945,-0.065326,seoul_internal,0.8933529025541476,1
ba_14688363,2025-09,본죽&비빔밥 목동역점,본그룹,백반·죽·국수,서울특별시,양천구,0,-0.732264,1.243467,seoul_internal,0.8520242949933028,1
ba_14688371,2025-08,본죽&비빔밥 목동사거리점,본그룹,백반·죽·국수,서울특별시,양천구,1,0.350907,0.009277,seoul_internal,0.898142118066968,1
ba_14688371,2025-09,본죽&비빔밥 목동사거리점,본그룹,백반·죽·국수,서울특별시,양천구,0,0.072006,0.867728,seoul_internal,0.8695911936839754,1
ba_14688563,2025-08,본죽&비빔밥 신정네거리역점,본그룹,백반·죽·국수,서울특별시,양천구,1,0.25601,0.112896,seoul_internal,0.8389751958522638,1
ba_14688563,2025-09,본죽&비빔밥 신정네거리역점,본그룹,백반·죽·국수,서울특별시,양천구,0,-0.054146,0.862949,seoul_internal,0.7932605836583594,1
ba_14688567,2025-08,본죽&비빔밥 목동8단지점,본그룹,백반·죽·국수,서울특별시,양천구,0,-0.400237,-0.218104,seoul_internal,0.7029975317884704,1
ba_14688567,2025-09,본죽&비빔밥 목동8단지점,본그룹,백반·죽·국수,서울특별시,양천구,0,-0.419516,-0.900922,seoul_internal,0.4681834878811944,1
ba_14688582,2025-08,본죽&비빔밥 오목교역점,본그룹,백반·죽·국수,서울특별시,양천구,0,0.107172,-0.044799,seoul_internal,0.9521454958146226,1
ba_14688582,2025-09,본죽&비빔밥 오목교역점,본그룹,백반·죽·국수,서울특별시,양천구,0,-0.191976,0.336794,seoul_internal,0.9487373866326247,1
ba_14688656,2025-08,본죽&비빔밥 문래힐스테이트점,본그룹,백반·죽·국수,서울특별시,영등포구,1,0.426541,0.023563,seoul_internal,0.8459377515310083,1
ba_14688656,2025-09,본죽&비빔밥 문래힐스테이트점,본그룹,백반·죽·국수,서울특별시,영등포구,0,0.04881,0.121835,seoul_internal,0.8248166871110366,1
ba_14688687,2025-08,본죽&비빔밥 신길점,본그룹,백반·죽·국수,서울특별시,영등포구,1,0.224094,0.233519,seoul_internal,0.9523623937459059,1
ba_14688687,2025-09,본죽&비빔밥 신길점,본그룹,백반·죽·국수,서울특별시,영등포구,0,-0.115049,2.424286,seoul_internal,0.9302067134075658,1
ba_14688697,2025-08,본죽&비빔밥 신풍역점,본그룹,백반·죽·국수,서울특별시,영등포구,0,0.043488,-0.284013,seoul_internal,0.8749633832272461,1
ba_14688697,2025-09,본죽&비빔밥 신풍역점,본그룹,백반·죽·국수,서울특별시,영등포구,0,-0.118787,-0.220695,seoul_internal,0.8306670436974075,1
ba_14688751,2025-08,본죽&비빔밥 여의도역점,본그룹,백반·죽·국수,서울특별시,영등포구,1,0.568208,-0.180604,seoul_internal,0.8889836731968955,1
ba_14688751,2025-09,본죽&비빔밥 여의도역점,본그룹,백반·죽·국수,서울특별시,영등포구,1,0.310451,0.520416,seoul_internal,0.8529670240417979,1
ba_14688765,2025-08,본죽&비빔밥 영등포시장역점,본그룹,백반·죽·국수,서울특별시,영등포구,1,0.340118,0.067707,seoul_internal,0.8645525580652695,1
ba_14688765,2025-09,본죽&비빔밥 영등포시장역점,본그룹,백반·죽·국수,서울특별시,영등포구,0,-0.023632,0.990933,seoul_internal,0.8875618398642197,1
ba_14688848,2025-08,본죽&비빔밥 연신갈현점,본그룹,백반·죽·국수,서울특별시,은평구,1,0.40841,-0.124922,seoul_internal,0.8966136125167481,1
ba_14688848,2025-09,본죽&비빔밥 연신갈현점,본그룹,백반·죽·국수,서울특별시,은평구,0,-0.047007,2.760373,seoul_internal,0.845872250389839,1
ba_14688860,2025-08,본죽&비빔밥 수색DMC점,본그룹,백반·죽·국수,서울특별시,은평구,1,0.12341,0.184896,seoul_internal,0.9701262800833214,1
ba_14688860,2025-09,본죽&비빔밥 수색DMC점,본그룹,백반·죽·국수,서울특별시,은평구,0,-0.377788,3.844739,seoul_internal,0.9383152646444965,1
ba_14688923,2025-08,본죽&비빔밥 종로르메이에르점,본그룹,백반·죽·국수,서울특별시,종로구,0,-0.230004,-0.209771,seoul_internal,0.8340179671740332,1
ba_14688923,2025-09,본죽&비빔밥 종로르메이에르점,본그룹,백반·죽·국수,서울특별시,종로구,0,-0.440269,0.765163,seoul_internal,0.557598034521244,1
ba_14688924,2025-08,본죽&비빔밥 서대문역점,본그룹,백반·죽·국수,서울특별시,종로구,0,0.011872,-0.035961,seoul_internal,0.9530391463323352,1
ba_14688924,2025-09,본죽&비빔밥 서대문역점,본그룹,백반·죽·국수,서울특별시,종로구,0,-0.266711,1.856686,seoul_internal,0.9147420481632278,1
ba_14689101,2025-08,본죽&비빔밥 강남성심병원점,본그룹,백반·죽·국수,서울특별시,영등포구,0,0.100373,-0.00674,seoul_internal,0.873743686505994,1
ba_14689101,2025-09,본죽&비빔밥 강남성심병원점,본그룹,백반·죽·국수,서울특별시,영등포구,0,-0.114392,0.566529,seoul_internal,0.8543290089117278,1
ba_14689802,2025-08,본죽&비빔밥 한성대입구점,본그룹,백반·죽·국수,서울특별시,성북구,0,0.0,-0.143104,seoul_internal,0.5523795731866616,1
ba_14689802,2025-09,본죽&비빔밥 한성대입구점,본그룹,백반·죽·국수,서울특별시,성북구,0,0.0,-1.827793,seoul_internal,0.5211478098696539,1
ba_14689910,2025-08,본죽&비빔밥 외대점,본그룹,백반·죽·국수,서울특별시,동대문구,0,-0.002817,-0.089533,seoul_internal,0.8481314151107321,1
ba_14689910,2025-09,본죽&비빔밥 외대점,본그룹,백반·죽·국수,서울특별시,동대문구,1,1.968849,-1.735793,seoul_internal,0.9390548602654447,1
ba_14690081,2025-08,본죽 신곡시장점,본그룹,백반·죽·국수,서울특별시,양천구,1,0.126332,0.354855,seoul_internal,0.9652771987503025,1
ba_14690081,2025-09,본죽 신곡시장점,본그룹,백반·죽·국수,서울특별시,양천구,0,-0.118492,2.209841,seoul_internal,0.9210183149426374,1
ba_14690378,2025-08,본죽 오금점,본그룹,백반·죽·국수,서울특별시,송파구,1,0.27026,0.390229,seoul_internal,0.8748764926029566,1
ba_14690378,2025-09,본죽 오금점,본그룹,백반·죽·국수,서울특별시,송파구,0,0.079545,-0.057482,seoul_internal,0.8399495240757746,1
ba_14691918,2025-08,본죽&비빔밥 방학도깨비시장점,본그룹,백반·죽·국수,서울특별시,도봉구,0,-0.1,0.356896,seoul_internal,0.27054583114942293,0
ba_14691918,2025-09,본죽&비빔밥 방학도깨비시장점,본그룹,백반·죽·국수,서울특별시,도봉구,1,74.604017,-1.59446,seoul_internal,0.2171951215291606,0
ba_14692056,2025-08,본죽&비빔밥 자양동점,본그룹,백반·죽·국수,서울특별시,광진구,0,0.0,-0.143104,seoul_internal,0.09729843589607057,0
ba_14692056,2025-09,본죽&비빔밥 자양동점,본그룹,백반·죽·국수,서울특별시,광진구,0,0.0,-1.827793,seoul_internal,0.0868072219486387,0
ba_14692060,2025-08,본죽&비빔밥 돌곶이역점,본그룹,백반·죽·국수,서울특별시,성북구,1,0.449565,0.00305,seoul_internal,0.9500309195443772,1
ba_14692060,2025-09,본죽&비빔밥 돌곶이역점,본그룹,백반·죽·국수,서울특별시,성북구,0,0.109682,1.685623,seoul_internal,0.9200625865533731,1
ba_14692551,2025-08,본죽&비빔밥 당산점,본그룹,백반·죽·국수,서울특별시,영등포구,1,0.179784,-0.231104,seoul_internal,0.8792607206976265,1
ba_14692551,2025-09,본죽&비빔밥 당산점,본그룹,백반·죽·국수,서울특별시,영등포구,0,-0.022624,0.239524,seoul_internal,0.8372867529039628,1
ba_14694145,2025-08,본죽&비빔밥 합정역점,본그룹,백반·죽·국수,서울특별시,마포구,0,-0.170542,-0.176437,seoul_internal,0.8813222657356697,1
ba_14694145,2025-09,본죽&비빔밥 합정역점,본그룹,백반·죽·국수,서울특별시,마포구,0,-0.434807,0.966487,seoul_internal,0.820418730941889,1
ba_14694278,2025-08,본죽&비빔밥 오금동사거리점,본그룹,백반·죽·국수,서울특별시,송파구,1,0.505055,-0.036437,seoul_internal,0.8411713559701683,1
ba_14694278,2025-09,본죽&비빔밥 오금동사거리점,본그룹,백반·죽·국수,서울특별시,송파구,0,0.015225,1.391516,seoul_internal,0.8151118544007704,1
ba_14694287,2025-08,본죽&비빔밥 인사동점,본그룹,백반·죽·국수,서울특별시,종로구,1,0.233333,-0.223104,seoul_internal,0.08156976713466259,0
ba_14694287,2025-09,본죽&비빔밥 인사동점,본그룹,백반·죽·국수,서울특별시,종로구,1,34.292289,-1.927793,seoul_internal,0.07035271112991044,0
ba_14694402,2025-08,본죽 월곡점,본그룹,백반·죽·국수,서울특별시,성북구,0,0.018254,-0.087548,seoul_internal,0.6052754326323161,1
ba_14694402,2025-09,본죽 월곡점,본그룹,백반·죽·국수,서울특별시,성북구,0,-0.286446,1.574316,seoul_internal,0.5482971730066262,1
ba_14694670,2025-08,본죽&비빔밥 충무로역점,본그룹,백반·죽·국수,서울특별시,중구,1,0.173155,-0.158489,seoul_internal,0.653307636902738,1
ba_14694670,2025-09,본죽&비빔밥 충무로역점,본그룹,백반·죽·국수,서울특별시,중구,0,-0.103805,1.665716,seoul_internal,0.7743817933307867,1
ba_14695290,2025-08,본죽&비빔밥 용산센트럴점,본그룹,백반·죽·국수,서울특별시,용산구,1,0.55277,-0.114533,seoul_internal,0.6393287440474356,1
ba_14695290,2025-09,본죽&비빔밥 용산센트럴점,본그룹,백반·죽·국수,서울특별시,용산구,1,0.195784,7.39531,seoul_internal,0.6371386337627849,1
ba_14695958,2025-08,본죽 삼양사거리점,본그룹,백반·죽·국수,서울특별시,강북구,0,-0.034146,-0.060345,seoul_internal,0.8111804190368793,1
ba_14695958,2025-09,본죽 삼양사거리점,본그룹,백반·죽·국수,서울특별시,강북구,1,1.034287,-1.731241,seoul_internal,0.7530938495777459,1
ba_14699201,2025-08,본죽 전농동점,본그룹,백반·죽·국수,서울특별시,동대문구,1,0.508301,-0.015831,seoul_internal,0.8790175916899368,1
ba_14699201,2025-09,본죽 전농동점,본그룹,백반·죽·국수,서울특별시,동대문구,0,-0.140013,6.049394,seoul_internal,0.7220288210670316,1
ba_14700021,2025-08,굽네치킨 영등포본동점,굽네치킨,치킨,서울특별시,영등포구,0,-0.028739,0.235068,seoul_internal,0.556962459296558,1
ba_14700021,2025-09,굽네치킨 영등포본동점,굽네치킨,치킨,서울특별시,영등포구,0,-0.286692,0.103163,seoul_internal,0.8129497033121071,1
ba_14701165,2025-08,본죽&비빔밥 연세세브란스빌딩점,본그룹,백반·죽·국수,서울특별시,중구,0,-0.065157,-0.343104,seoul_internal,0.5127800859641553,1
ba_14701165,2025-09,본죽&비빔밥 연세세브란스빌딩점,본그룹,백반·죽·국수,서울특별시,중구,0,-0.201142,1.441139,seoul_internal,0.39544017588479186,1
ba_14702063,2025-08,본죽&비빔밥 목동파라곤점,본그룹,백반·죽·국수,서울특별시,양천구,1,2.386508,-0.018104,seoul_internal,0.0853276131741579,0
ba_14702063,2025-09,본죽&비빔밥 목동파라곤점,본그룹,백반·죽·국수,서울특별시,양천구,1,3.916618,-1.783349,seoul_internal,0.24584301101623748,0
ba_14702996,2025-08,본죽&비빔밥 사당연세사랑병원점,본그룹,백반·죽·국수,서울특별시,서초구,0,-0.257089,-0.109771,seoul_internal,0.8434235035456253,1
ba_14702996,2025-09,본죽&비빔밥 사당연세사랑병원점,본그룹,백반·죽·국수,서울특별시,서초구,0,-0.339358,1.836592,seoul_internal,0.799465091665235,1
ba_14703930,2025-08,본죽 중화역점,본그룹,백반·죽·국수,서울특별시,중랑구,1,0.291137,0.127484,seoul_internal,0.9110632684884867,1
ba_14703930,2025-09,본죽 중화역점,본그룹,백반·죽·국수,서울특별시,중랑구,0,-0.131959,2.329569,seoul_internal,0.8993895518929154,1
ba_14712294,2025-08,본죽&비빔밥 서울대입구역점,본그룹,백반·죽·국수,서울특별시,관악구,0,0.039411,0.079477,seoul_internal,0.9810837609130051,1
ba_14712294,2025-09,본죽&비빔밥 서울대입구역점,본그룹,백반·죽·국수,서울특별시,관악구,0,-0.281364,0.914245,seoul_internal,0.9675546685230366,1
ba_14715313,2025-08,굽네치킨&피자 홍은1동점,굽네치킨,치킨,서울특별시,서대문구,0,-0.010753,-0.200001,seoul_internal,0.3449889158441024,0
ba_14715313,2025-09,굽네치킨&피자 홍은1동점,굽네치킨,치킨,서울특별시,서대문구,0,-0.035417,-0.079745,seoul_internal,0.7146130914892412,1
ba_14733416,2025-08,굽네치킨&피자 먹골역점,굽네치킨,치킨,서울특별시,중랑구,0,0.0,-0.310001,seoul_internal,0.034890254726870025,0
ba_14733416,2025-09,굽네치킨&피자 먹골역점,굽네치킨,치킨,서울특별시,중랑구,0,0.0,-0.166312,seoul_internal,0.03557418837822497,0
ba_14736681,2025-08,본죽&비빔밥 신림녹두거리점,본그룹,백반·죽·국수,서울특별시,관악구,0,-0.134283,-0.081566,seoul_internal,0.8296162117510616,1
ba_14736681,2025-09,본죽&비빔밥 신림녹두거리점,본그룹,백반·죽·국수,서울특별시,관악구,0,-0.289902,-0.189257,seoul_internal,0.775388973593285,1
ba_14736683,2025-08,본죽&비빔밥 신림녹두거리점,본그룹,백반·죽·국수,서울특별시,관악구,1,0.227384,0.397247,seoul_internal,0.9246442542583602,1
ba_14736683,2025-09,본죽&비빔밥 신림녹두거리점,본그룹,백반·죽·국수,서울특별시,관악구,0,-0.029233,0.646406,seoul_internal,0.9066658841795019,1
ba_14737726,2025-08,굽네치킨 대치4동점,굽네치킨,치킨,서울특별시,강남구,0,-0.071751,1.417174,seoul_internal,0.5973630863393204,1
ba_14737726,2025-09,굽네치킨 대치4동점,굽네치킨,치킨,서울특별시,강남구,0,-0.256603,-0.027676,seoul_internal,0.8539481889124618,1
ba_14744329,2025-08,본죽&비빔밥 송파헬리오시티점,본그룹,백반·죽·국수,서울특별시,송파구,1,0.145101,0.181896,seoul_internal,0.6300472546112875,1
ba_14744329,2025-09,본죽&비빔밥 송파헬리오시티점,본그룹,백반·죽·국수,서울특별시,송파구,0,-0.189428,-0.019382,seoul_internal,0.7734856264680743,1
ba_14749296,2025-08,굽네치킨&피자 석촌고분점,굽네치킨,치킨,서울특별시,송파구,0,-0.119806,4.062386,seoul_internal,0.7207633161542915,1
ba_14749296,2025-09,굽네치킨&피자 석촌고분점,굽네치킨,치킨,서울특별시,송파구,0,-0.161835,0.486225,seoul_internal,0.8918559173818882,1
ba_14767892,2025-08,굽네치킨&피자 둔촌시장점,굽네치킨,치킨,서울특별시,강동구,1,1.91606,-0.310001,seoul_internal,0.5490896247877027,1
ba_14767892,2025-09,굽네치킨&피자 둔촌시장점,굽네치킨,치킨,서울특별시,강동구,1,0.346538,-0.166312,seoul_internal,0.7960368980164261,1
ba_14772060,2025-08,굽네치킨&피자 천호1동점,굽네치킨,치킨,서울특별시,강동구,1,50.513621,-0.310001,seoul_internal,0.47895134561514047,1
ba_14772060,2025-09,굽네치킨&피자 천호1동점,굽네치킨,치킨,서울특별시,강동구,1,1.160091,-0.166312,seoul_internal,0.8362259356477704,1
ba_14778106,2025-08,굽네치킨 구로디지털점,굽네치킨,치킨,서울특별시,구로구,0,-0.2,-0.310001,seoul_internal,0.13032145588552446,0
ba_14778106,2025-09,굽네치킨 구로디지털점,굽네치킨,치킨,서울특별시,구로구,0,-0.2,-0.166312,seoul_internal,0.32679467428964043,0
ba_14791437,2025-08,굽네치킨&피자 신수점,굽네치킨,치킨,서울특별시,마포구,0,0.0,-0.310001,seoul_internal,0.12607155795717792,0
ba_14791437,2025-09,굽네치킨&피자 신수점,굽네치킨,치킨,서울특별시,마포구,0,0.0,-0.166312,seoul_internal,0.1283052462054929,0
ba_14794547,2025-08,굽네치킨&피자 회기역점,굽네치킨,치킨,서울특별시,동대문구,0,0.0,-0.310001,seoul_internal,0.1581469189411247,0
ba_14794547,2025-09,굽네치킨&피자 회기역점,굽네치킨,치킨,서울특별시,동대문구,1,204.630043,-0.166312,seoul_internal,0.43499295005344696,1
ba_14795104,2025-08,굽네치킨 독산스타점,굽네치킨,치킨,서울특별시,금천구,0,0.0,-0.310001,seoul_internal,0.15973792480719373,0
ba_14795104,2025-09,굽네치킨 독산스타점,굽네치킨,치킨,서울특별시,금천구,1,6.146782,-0.166312,seoul_internal,0.8009187767977182,1
ba_14795563,2025-08,본죽&비빔밥 잠원역점,본그룹,백반·죽·국수,서울특별시,서초구,0,0.0,-0.143104,seoul_internal,0.09572720361041326,0
ba_14795563,2025-09,본죽&비빔밥 잠원역점,본그룹,백반·죽·국수,서울특별시,서초구,1,75.786169,-1.827793,seoul_internal,0.056232113680772654,0
ba_14796264,2025-08,굽네치킨 종암스타점,굽네치킨,치킨,서울특별시,성북구,0,0.0,-0.310001,seoul_internal,0.03139545983848625,0
ba_14796264,2025-09,굽네치킨 종암스타점,굽네치킨,치킨,서울특별시,성북구,0,0.0,-0.166312,seoul_internal,0.03201315942272989,0
ba_14797999,2025-08,굽네치킨&피자 대흥역점,굽네치킨,치킨,서울특별시,마포구,0,0.0,-0.310001,seoul_internal,0.11086273661369632,0
ba_14797999,2025-09,굽네치킨&피자 대흥역점,굽네치킨,치킨,서울특별시,마포구,1,97.093988,-0.166312,seoul_internal,0.12702752006135246,0
ba_14800652,2025-08,본죽&비빔밥 내방역점,본그룹,백반·죽·국수,서울특별시,서초구,0,0.0,-0.143104,seoul_internal,0.27903597049105794,0
ba_14800652,2025-09,본죽&비빔밥 내방역점,본그룹,백반·죽·국수,서울특별시,서초구,0,0.0,-1.827793,seoul_internal,0.25447299425200165,0
ba_14801006,2025-08,굽네치킨&피자 상봉점,굽네치킨,치킨,서울특별시,중랑구,0,0.0,-0.310001,seoul_internal,0.12274714783781446,0
ba_14801006,2025-09,굽네치킨&피자 상봉점,굽네치킨,치킨,서울특별시,중랑구,1,144.262975,-0.166312,seoul_internal,0.3625393547264474,1
ba_14809938,2025-08,굽네치킨&피자 도곡스타점,굽네치킨,치킨,서울특별시,강남구,0,0.0,-0.310001,seoul_internal,0.16690518902490442,0
ba_14809938,2025-09,굽네치킨&피자 도곡스타점,굽네치킨,치킨,서울특별시,강남구,0,0.0,-0.166312,seoul_internal,0.1697218492153945,0
ba_14826413,2025-08,본죽&비빔밥 대림성모점,본그룹,백반·죽·국수,서울특별시,동작구,0,0.0,-0.143104,seoul_internal,0.09650996379171575,0
ba_14826413,2025-09,본죽&비빔밥 대림성모점,본그룹,백반·죽·국수,서울특별시,동작구,0,0.0,-1.827793,seoul_internal,0.08609565837935566,0
ba_14828692,2025-08,본죽&비빔밥 대림성모점,본그룹,백반·죽·국수,서울특별시,동작구,0,0.0,-0.143104,seoul_internal,0.09650996379171575,0
ba_14828692,2025-09,본죽&비빔밥 대림성모점,본그룹,백반·죽·국수,서울특별시,동작구,0,0.0,-1.827793,seoul_internal,0.08609565837935566,0
ba_14831111,2025-08,본죽&비빔밥 상봉역점,본그룹,백반·죽·국수,서울특별시,중랑구,0,0.0,-0.143104,seoul_internal,0.09893649292224345,0
ba_14831111,2025-09,본죽&비빔밥 상봉역점,본그룹,백반·죽·국수,서울특별시,중랑구,0,0.0,-1.827793,seoul_internal,0.08828592943663652,0
ba_14831112,2025-08,본죽&비빔밥 상봉역점,본그룹,백반·죽·국수,서울특별시,중랑구,0,0.0,-0.143104,seoul_internal,0.10559689045167649,0
ba_14831112,2025-09,본죽&비빔밥 상봉역점,본그룹,백반·죽·국수,서울특별시,중랑구,0,0.0,-1.827793,seoul_internal,0.09430437177422073,0
ba_14840445,2025-08,굽네치킨&피자 등촌3동점,굽네치킨,치킨,서울특별시,강서구,0,0.0,-0.310001,seoul_internal,0.03107883183201021,0
ba_14840445,2025-09,굽네치킨&피자 등촌3동점,굽네치킨,치킨,서울특별시,강서구,0,0.0,-0.166312,seoul_internal,0.03169050563958798,0
ba_14841573,2025-08,본죽&비빔밥 왕십리점,본그룹,백반·죽·국수,서울특별시,성동구,0,0.0,-0.143104,seoul_internal,0.10051005107523892,0
ba_14841573,2025-09,본죽&비빔밥 왕십리점,본그룹,백반·죽·국수,서울특별시,성동구,0,0.0,-1.827793,seoul_internal,0.08970695760852705,0
ba_14841574,2025-08,본죽&비빔밥 왕십리점,본그룹,백반·죽·국수,서울특별시,성동구,0,0.0,-0.143104,seoul_internal,0.09564205260367009,0
ba_14841574,2025-09,본죽&비빔밥 왕십리점,본그룹,백반·죽·국수,서울특별시,성동구,0,0.0,-1.827793,seoul_internal,0.08531255924826447,0
ba_14842562,2025-08,굽네치킨&피자 영등포구청역점,굽네치킨,치킨,서울특별시,영등포구,0,0.0,-0.310001,seoul_internal,0.03710499658576213,0
ba_14842562,2025-09,굽네치킨&피자 영등포구청역점,굽네치킨,치킨,서울특별시,영등포구,0,0.0,-0.166312,seoul_internal,0.03783064278498018,0
ba_10040411,2025-08,굽네치킨,굽네치킨,치킨,서울특별시,성북구,0,0.0,-0.310001,seoul_external,0.1355565452600203,0
ba_10040411,2025-09,굽네치킨,굽네치킨,치킨,서울특별시,성북구,0,0.0,-0.166312,seoul_external,0.3285437094491006,0
ba_10041246,2025-08,굽네치킨 수색증산점,굽네치킨,치킨,서울특별시,은평구,1,0.263173,-0.547296,seoul_external,0.21341267021933208,0
ba_10041246,2025-09,굽네치킨 수색증산점,굽네치킨,치킨,서울특별시,은평구,1,0.306102,-0.321681,seoul_external,0.6347225277998004,1
ba_10401021,2025-08,굽네치킨 가산점,굽네치킨,치킨,서울특별시,금천구,1,0.651894,-0.194445,seoul_external,0.8176797082920698,1
ba_10401021,2025-09,굽네치킨 가산점,굽네치킨,치킨,서울특별시,금천구,0,-0.391042,0.011188,seoul_external,0.9174282227189788,1
ba_10571616,2025-08,굽네치킨 답십리1동점,굽네치킨,치킨,서울특별시,동대문구,1,0.825631,-0.214629,seoul_external,0.4726841696437918,1
ba_10571616,2025-09,굽네치킨 답십리1동점,굽네치킨,치킨,서울특별시,동대문구,1,76.88573,-0.799493,seoul_external,0.6002253758927711,1
ba_10580903,2025-08,굽네치킨 길음1동점,굽네치킨,치킨,서울특별시,성북구,0,-0.65986,-0.193334,seoul_external,0.6042131433637796,1
ba_10580903,2025-09,굽네치킨 길음1동점,굽네치킨,치킨,서울특별시,성북구,0,-0.853833,0.003921,seoul_external,0.76973596885595,1
ba_10776500,2025-08,굽네치킨 가양점,굽네치킨,치킨,서울특별시,강서구,1,0.410757,-0.310001,seoul_external,0.39163310872667384,1
ba_10776500,2025-09,굽네치킨 가양점,굽네치킨,치킨,서울특별시,강서구,0,-0.49527,0.611466,seoul_external,0.7264981817844597,1
ba_10798649,2025-08,굽네치킨 암사3동점,굽네치킨,치킨,서울특별시,강동구,0,-0.496299,-0.191936,seoul_external,0.9205334841969686,1
ba_10798649,2025-09,굽네치킨 암사3동점,굽네치킨,치킨,서울특별시,강동구,0,-0.656954,2.030184,seoul_external,0.9346823053319271,1
ba_10800862,2025-08,굽네치킨 송파점,굽네치킨,치킨,서울특별시,송파구,0,-0.213351,0.976856,seoul_external,0.6561313666719003,1
ba_10800862,2025-09,굽네치킨 송파점,굽네치킨,치킨,서울특별시,송파구,0,-0.290318,-0.137926,seoul_external,0.8743745478189932,1
ba_12015187,2025-08,굽네피자 길음1동점,굽네치킨,피자,서울특별시,성북구,0,-0.60758,-0.108569,seoul_external,0.8003718040798022,1
ba_12015187,2025-09,굽네피자 길음1동점,굽네치킨,피자,서울특별시,성북구,0,-0.245116,-0.16389,seoul_external,0.8345587848727491,1
ba_12020571,2025-08,굽네피자 수색증산점,굽네치킨,피자,서울특별시,은평구,0,0.0,-0.108569,seoul_external,0.0996661901355963,0
ba_12020571,2025-09,굽네피자 수색증산점,굽네치킨,피자,서울특별시,은평구,0,0.0,-0.16389,seoul_external,0.2513114870046479,0
ba_13052096,2025-08,굽네치킨 구로5동점,굽네치킨,치킨,서울특별시,구로구,1,0.629063,-0.235334,seoul_external,0.5921131150817109,1
ba_13052096,2025-09,굽네치킨 구로5동점,굽네치킨,치킨,서울특별시,구로구,0,-0.237514,-0.015292,seoul_external,0.8330135121375565,1
ba_13076527,2025-08,굽네치킨 창2동점,굽네치킨,치킨,서울특별시,도봉구,0,-0.128036,0.170882,seoul_external,0.6349587213169332,1
ba_13076527,2025-09,굽네치킨 창2동점,굽네치킨,치킨,서울특별시,도봉구,0,-0.03202,-0.830775,seoul_external,0.7831036312755366,1
ba_13085339,2025-08,굽네치킨&피자 가양점,굽네치킨,피자,서울특별시,강서구,1,0.300125,-0.108569,seoul_external,0.6688541248848352,1
ba_13085339,2025-09,굽네치킨&피자 가양점,굽네치킨,피자,서울특별시,강서구,0,-0.898371,-0.16389,seoul_external,0.8480102267087215,1
ba_13207953,2025-08,본죽&비빔밥 자양동점,본그룹,백반·죽·국수,서울특별시,광진구,0,0.0,-0.143104,seoul_external,0.09455785324297912,0
ba_13207953,2025-09,본죽&비빔밥 자양동점,본그룹,백반·죽·국수,서울특별시,광진구,0,0.0,-1.827793,seoul_external,0.08243371513760947,0
ba_13222803,2025-08,본죽 오금점,본그룹,백반·죽·국수,서울특별시,송파구,0,0.058262,-0.143104,seoul_external,0.6057717335070029,1
ba_13222803,2025-09,본죽 오금점,본그룹,백반·죽·국수,서울특별시,송파구,0,-0.454231,-0.924863,seoul_external,0.5658439140577023,1
ba_13223367,2025-08,본죽 성수역점,본그룹,백반·죽·국수,서울특별시,성동구,0,-0.079059,-0.143104,seoul_external,0.5562905942776708,1
ba_13223367,2025-09,본죽 성수역점,본그룹,백반·죽·국수,서울특별시,성동구,0,0.108665,-0.706564,seoul_external,0.5010551171631049,1
ba_13223504,2025-08,본죽&비빔밥 문정법조단지점,본그룹,백반·죽·국수,서울특별시,송파구,1,1.083051,0.856896,seoul_external,0.5417172311600095,1
ba_13223504,2025-09,본죽&비빔밥 문정법조단지점,본그룹,백반·죽·국수,서울특별시,송파구,1,0.129147,-1.69446,seoul_external,0.470772639277276,1
ba_13223520,2025-08,본죽 신림고시촌점,본그룹,백반·죽·국수,서울특별시,관악구,0,-0.171305,0.356896,seoul_external,0.8821140605771036,1
ba_13223520,2025-09,본죽 신림고시촌점,본그룹,백반·죽·국수,서울특별시,관악구,0,-0.295102,1.481315,seoul_external,0.8447081892486707,1
ba_13223711,2025-08,본죽&비빔밥 중앙대점,본그룹,백반·죽·국수,서울특별시,동작구,1,0.433483,-0.143104,seoul_external,0.5919894833836804,1
ba_13223711,2025-09,본죽&비빔밥 중앙대점,본그룹,백반·죽·국수,서울특별시,동작구,1,0.722629,0.008554,seoul_external,0.7825110833120639,1
ba_13223885,2025-08,본죽&비빔밥 관악우체국점,본그룹,백반·죽·국수,서울특별시,관악구,0,0.0,-0.143104,seoul_external,0.5300704031654432,1
ba_13223885,2025-09,본죽&비빔밥 관악우체국점,본그룹,백반·죽·국수,서울특별시,관악구,0,0.0,-1.827793,seoul_external,0.492477610886866,1
ba_13224027,2025-08,본죽 삼전동점,본그룹,백반·죽·국수,서울특별시,송파구,1,0.470258,-0.296045,seoul_external,0.8331805675463713,1
ba_13224027,2025-09,본죽 삼전동점,본그룹,백반·죽·국수,서울특별시,송파구,0,-0.018096,-1.006187,seoul_external,0.8160865302088715,1
ba_13226530,2025-08,본죽&비빔밥 목동사거리점,본그룹,백반·죽·국수,서울특별시,양천구,0,-0.176148,-0.263104,seoul_external,0.8088539856542563,1
ba_13226530,2025-09,본죽&비빔밥 목동사거리점,본그룹,백반·죽·국수,서울특별시,양천구,0,-0.555114,0.651752,seoul_external,0.7915633874766087,1
ba_13226567,2025-08,본죽 신정점,본그룹,백반·죽·국수,서울특별시,양천구,0,0.0,-0.143104,seoul_external,0.4531093158549411,1
ba_13226567,2025-09,본죽 신정점,본그룹,백반·죽·국수,서울특별시,양천구,0,0.0,-1.827793,seoul_external,0.4161412610158903,1
ba_13226580,2025-08,본죽 등촌역점,본그룹,백반·죽·국수,서울특별시,양천구,0,-0.535813,-0.289771,seoul_external,0.5673058505735107,1
ba_13226580,2025-09,본죽 등촌역점,본그룹,백반·죽·국수,서울특별시,양천구,0,-0.122403,-0.683396,seoul_external,0.5238927700427709,1
ba_13229560,2025-08,본죽 양천구청점,본그룹,백반·죽·국수,서울특별시,양천구,0,-0.2,-0.263104,seoul_external,0.22368122011531383,0
ba_13229560,2025-09,본죽 양천구청점,본그룹,백반·죽·국수,서울특별시,양천구,0,-0.2,-1.987793,seoul_external,0.22190488751164025,0
ba_13230793,2025-08,본죽&비빔밥 구로디지털역점,본그룹,백반·죽·국수,서울특별시,구로구,0,0.007311,-0.218104,seoul_external,0.5301825452506898,1
ba_13230793,2025-09,본죽&비빔밥 구로디지털역점,본그룹,백반·죽·국수,서울특별시,구로구,0,-0.293587,-0.659926,seoul_external,0.4774843341623128,1
ba_13230824,2025-08,본죽&비빔밥 가산테라타워점,본그룹,백반·죽·국수,서울특별시,금천구,0,0.065397,-0.143104,seoul_external,0.5281923422845853,1
ba_13230824,2025-09,본죽&비빔밥 가산테라타워점,본그룹,백반·죽·국수,서울특별시,금천구,0,-0.16832,-0.73359,seoul_external,0.4612905258777801,1
ba_13230838,2025-08,본죽&비빔밥 시흥사거리점,본그룹,백반·죽·국수,서울특별시,금천구,0,-0.21345,-0.200247,seoul_external,0.8370538215502542,1
ba_13230838,2025-09,본죽&비빔밥 시흥사거리점,본그룹,백반·죽·국수,서울특별시,금천구,0,-0.3745,-0.907219,seoul_external,0.8368874382777083,1
ba_13230879,2025-08,본죽&비빔밥 강남성심병원점,본그룹,백반·죽·국수,서울특별시,영등포구,0,-0.14836,-0.143104,seoul_external,0.8090564757226367,1
ba_13230879,2025-09,본죽&비빔밥 강남성심병원점,본그룹,백반·죽·국수,서울특별시,영등포구,1,0.165405,0.523018,seoul_external,0.5647000460484949,1
ba_13230921,2025-08,본죽&비빔밥 문래홈플러스점,본그룹,백반·죽·국수,서울특별시,영등포구,0,-0.046939,0.006896,seoul_external,0.7980803263196802,1
ba_13230921,2025-09,본죽&비빔밥 문래홈플러스점,본그룹,백반·죽·국수,서울특별시,영등포구,0,-0.192403,-0.327582,seoul_external,0.7727914059750707,1
ba_13233027,2025-08,본죽&비빔밥 고척근린공원점,본그룹,백반·죽·국수,서울특별시,구로구,0,0.0,-0.143104,seoul_external,0.5276018029997087,1
ba_13233027,2025-09,본죽&비빔밥 고척근린공원점,본그룹,백반·죽·국수,서울특별시,구로구,0,0.0,-1.827793,seoul_external,0.4900015328453187,1
ba_13234475,2025-08,본죽&비빔밥 노량진점,본그룹,백반·죽·국수,서울특별시,동작구,1,0.169588,-0.25739,seoul_external,0.80156742466735,1
ba_13234475,2025-09,본죽&비빔밥 노량진점,본그룹,백반·죽·국수,서울특별시,동작구,1,0.314025,0.890842,seoul_external,0.4177455639935361,1
ba_13235318,2025-08,본죽&비빔밥 상암DMC점,본그룹,백반·죽·국수,서울특별시,마포구,0,-0.2,-0.200247,seoul_external,0.30591489037992775,0
ba_13235318,2025-09,본죽&비빔밥 상암DMC점,본그룹,백반·죽·국수,서울특별시,마포구,1,34.323723,-1.97065,seoul_external,0.2903990275872391,0
ba_13235498,2025-08,본죽&비빔밥 외대점,본그룹,백반·죽·국수,서울특별시,동대문구,1,0.88,-0.243104,seoul_external,0.7828780106813767,1
ba_13235498,2025-09,본죽&비빔밥 외대점,본그룹,백반·죽·국수,서울특별시,동대문구,1,1.828397,-1.742079,seoul_external,0.8375434930970845,1
ba_13235557,2025-08,본죽 도봉동점,본그룹,백반·죽·국수,서울특별시,도봉구,0,-0.364367,-0.103104,seoul_external,0.8379522205937955,1
ba_13235557,2025-09,본죽 도봉동점,본그룹,백반·죽·국수,서울특별시,도봉구,0,-0.654038,2.013591,seoul_external,0.926272824351325,1
ba_13235588,2025-08,본죽 성균관대점,본그룹,백반·죽·국수,서울특별시,종로구,0,-0.189965,-0.076437,seoul_external,0.6639639916051612,1
ba_13235588,2025-09,본죽 성균관대점,본그룹,백반·죽·국수,서울특별시,종로구,0,-0.388118,-0.353952,seoul_external,0.8508755235938052,1
ba_13235631,2025-08,본죽 인왕산점,본그룹,백반·죽·국수,서울특별시,서대문구,1,0.912771,-0.343104,seoul_external,0.6138390461666869,1
ba_13235631,2025-09,본죽 인왕산점,본그룹,백반·죽·국수,서울특별시,서대문구,1,0.527065,0.555221,seoul_external,0.5322074963734988,1
ba_13236401,2025-08,본죽 대학로본점,본그룹,백반·죽·국수,서울특별시,종로구,1,0.135319,-0.193104,seoul_external,0.8464758817150726,1
ba_13236401,2025-09,본죽 대학로본점,본그룹,백반·죽·국수,서울특별시,종로구,0,-0.098073,0.275201,seoul_external,0.7117073693908285,1
ba_13243585,2025-08,본죽&비빔밥 쌍문점,본그룹,백반·죽·국수,서울특별시,도봉구,1,0.130164,0.590229,seoul_external,0.8524225325527792,1
ba_13243585,2025-09,본죽&비빔밥 쌍문점,본그룹,백반·죽·국수,서울특별시,도봉구,0,-0.076224,1.016655,seoul_external,0.7947771947964519,1
ba_13305413,2025-08,본죽&비빔밥 사당연세사랑병원점,본그룹,백반·죽·국수,서울특별시,서초구,1,0.470408,-0.143104,seoul_external,0.5248568378106006,1
ba_13305413,2025-09,본죽&비빔밥 사당연세사랑병원점,본그룹,백반·죽·국수,서울특별시,서초구,0,-0.49216,25.124013,seoul_external,0.2732674999532503,0
ba_13311793,2025-08,굽네치킨 연신내점,굽네치킨,치킨,서울특별시,은평구,0,-0.575586,1.226811,seoul_external,0.17789919806250565,0
ba_13311793,2025-09,굽네치킨 연신내점,굽네치킨,치킨,서울특별시,은평구,0,-0.63163,-0.187807,seoul_external,0.17597243164889967,0
ba_13326281,2025-08,본죽 만리점,본그룹,백반·죽·국수,서울특별시,중구,1,1.202783,-0.143104,seoul_external,0.5644389666331024,1
ba_13326281,2025-09,본죽 만리점,본그룹,백반·죽·국수,서울특별시,중구,1,0.608991,-1.827793,seoul_external,0.5769447914792502,1
ba_13412065,2025-08,굽네치킨 신길뉴타운점,굽네치킨,치킨,서울특별시,영등포구,1,0.192212,3.174201,seoul_external,0.7996176523618961,1
ba_13412065,2025-09,굽네치킨 신길뉴타운점,굽네치킨,치킨,서울특별시,영등포구,0,-0.196385,1.296202,seoul_external,0.9523174705563491,1
ba_13448308,2025-08,굽네치킨 역촌점,굽네치킨,치킨,서울특별시,은평구,0,0.0,-0.310001,seoul_external,0.03000564656144578,0
ba_13448308,2025-09,굽네치킨 역촌점,굽네치킨,치킨,서울특별시,은평구,0,0.0,-0.166312,seoul_external,0.030477692029732006,0
ba_13492399,2025-08,본죽&비빔밥 등촌공항대로점,본그룹,백반·죽·국수,서울특별시,강서구,0,-0.191193,-0.193104,seoul_external,0.8162914725093947,1
ba_13492399,2025-09,본죽&비빔밥 등촌공항대로점,본그룹,백반·죽·국수,서울특별시,강서구,0,-0.287279,-0.632308,seoul_external,0.7801820075312983,1
ba_13506840,2025-08,굽네치킨 & 피자 약수역점,굽네치킨,치킨,서울특별시,중구,0,0.0,-0.310001,seoul_external,0.07461785152275974,0
ba_13506840,2025-09,굽네치킨 & 피자 약수역점,굽네치킨,치킨,서울특별시,중구,0,0.0,-0.166312,seoul_external,0.07573693214806942,0
ba_13580972,2025-08,굽네치킨&피자 신수점,굽네치킨,치킨,서울특별시,마포구,0,-0.130851,-0.235548,seoul_external,0.4046331387656654,1
ba_13580972,2025-09,굽네치킨&피자 신수점,굽네치킨,치킨,서울특별시,마포구,1,38.293402,-0.188534,seoul_external,0.35392036955157513,0
ba_13596071,2025-08,본죽&비빔밥 연신갈현점,본그룹,백반·죽·국수,서울특별시,은평구,0,0.026326,0.556896,seoul_external,0.8489212900429597,1
ba_13596071,2025-09,본죽&비빔밥 연신갈현점,본그룹,백반·죽·국수,서울특별시,은평구,0,-0.316722,1.270516,seoul_external,0.7955984682504421,1
ba_13712881,2025-08,굽네치킨 등촌3동점,굽네치킨,치킨,서울특별시,강서구,0,0.0,-0.310001,seoul_external,0.032653731388224486,0
ba_13712881,2025-09,굽네치킨 등촌3동점,굽네치킨,치킨,서울특별시,강서구,0,0.0,-0.166312,seoul_external,0.03316601181437818,0
ba_13973745,2025-08,굽네피자 가산점,굽네치킨,피자,서울특별시,금천구,1,0.259266,-0.108569,seoul_external,0.7210732963661987,1
ba_13973745,2025-09,굽네피자 가산점,굽네치킨,피자,서울특별시,금천구,0,-0.024006,-0.06389,seoul_external,0.9281939845229279,1
ba_13974018,2025-08,굽네피자 송파점,굽네치킨,피자,서울특별시,송파구,0,0.0,-0.108569,seoul_external,0.11858821548471721,0
ba_13974018,2025-09,굽네피자 송파점,굽네치킨,피자,서울특별시,송파구,0,0.0,-0.16389,seoul_external,0.28975822205401214,0
ba_13975731,2025-08,굽네피자 신길뉴타운점,굽네치킨,피자,서울특별시,영등포구,0,-0.815515,0.163822,seoul_external,0.3794865275025932,1
ba_13975731,2025-09,굽네피자 신길뉴타운점,굽네치킨,피자,서울특별시,영등포구,0,-1.0,-0.361132,seoul_external,0.646560873562277,1
ba_13976690,2025-08,굽네피자 신수점,굽네치킨,피자,서울특별시,마포구,0,0.0,-0.308569,seoul_external,0.19592446130089314,0
ba_13976690,2025-09,굽네피자 신수점,굽네치킨,피자,서울특별시,마포구,1,0.522981,-0.36389,seoul_external,0.23421443229880098,0
ba_13977167,2025-08,굽네피자 연신내점,굽네치킨,피자,서울특별시,은평구,0,-0.249664,0.759924,seoul_external,0.3116855420813499,0
ba_13977167,2025-09,굽네피자 연신내점,굽네치킨,피자,서울특별시,은평구,0,-0.853684,1.745699,seoul_external,0.5035700204331223,1
ba_13984579,2025-08,굽네피자 암사3동점,굽네치킨,피자,서울특별시,강동구,1,6.091558,1.091431,seoul_external,0.7690758128623364,1
ba_13984579,2025-09,굽네피자 암사3동점,굽네치킨,피자,서울특별시,강동구,1,1.054142,-0.16389,seoul_external,0.9096149239409949,1
ba_14042200,2025-08,본죽&비빔밥 왕십리뉴타운점,본그룹,백반·죽·국수,서울특별시,성동구,0,-0.292504,-0.009771,seoul_external,0.8228795050353221,1
ba_14042200,2025-09,본죽&비빔밥 왕십리뉴타운점,본그룹,백반·죽·국수,서울특별시,성동구,0,-0.509819,0.294655,seoul_external,0.5087818810920797,1
ba_14103678,2025-08,굽네치킨&피자 불광점,굽네치킨,치킨,서울특별시,은평구,0,0.0,-0.310001,seoul_external,0.0317544312564666,0
ba_14103678,2025-09,굽네치킨&피자 불광점,굽네치킨,치킨,서울특별시,은평구,0,0.0,-0.166312,seoul_external,0.03225307362443455,0
ba_14117511,2025-08,굽네치킨 논현1동점,굽네치킨,치킨,서울특별시,강남구,0,-0.203634,1.043168,seoul_external,0.6985616247829952,1
ba_14117511,2025-09,굽네치킨 논현1동점,굽네치킨,치킨,서울특별시,강남구,0,-0.243568,-0.383628,seoul_external,0.9570637917279934,1
ba_14117512,2025-08,굽네피자 논현1동점,굽네치킨,피자,서울특별시,강남구,0,-0.049783,-0.159934,seoul_external,0.5316151094237141,1
ba_14117512,2025-09,굽네피자 논현1동점,굽네치킨,피자,서울특별시,강남구,0,-0.16464,-0.058479,seoul_external,0.4925530970728378,1
ba_14189471,2025-08,굽네피자 등촌3동점,굽네치킨,피자,서울특별시,강서구,0,0.0,-0.108569,seoul_external,0.03327885290009991,0
ba_14189471,2025-09,굽네피자 등촌3동점,굽네치킨,피자,서울특별시,강서구,0,0.0,-0.16389,seoul_external,0.03287864810662585,0
ba_14189864,2025-08,굽네피자 & 피자 약수역점,굽네치킨,피자,서울특별시,중구,0,0.0,-0.108569,seoul_external,0.07097000567242781,0
ba_14189864,2025-09,굽네피자 & 피자 약수역점,굽네치킨,피자,서울특별시,중구,0,0.0,-0.16389,seoul_external,0.07014942559239246,0
ba_14189925,2025-08,굽네피자 불광점,굽네치킨,피자,서울특별시,은평구,0,0.0,-0.108569,seoul_external,0.03690775457685023,0
ba_14189925,2025-09,굽네피자 불광점,굽네치킨,피자,서울특별시,은평구,0,0.0,-0.16389,seoul_external,0.0364655554965976,0
ba_14199673,2025-08,굽네피자 가양점,굽네치킨,피자,서울특별시,강서구,0,0.0,-0.108569,seoul_external,0.12612761578890483,0
ba_14199673,2025-09,굽네피자 가양점,굽네치킨,피자,서울특별시,강서구,0,0.0,-0.16389,seoul_external,0.30442143733375904,0
ba_14228061,2025-08,굽네치킨 월계2동점,굽네치킨,치킨,서울특별시,노원구,0,-0.078387,-0.584534,seoul_external,0.4870344791634152,1
ba_14228061,2025-09,굽네치킨 월계2동점,굽네치킨,치킨,서울특별시,노원구,0,-0.022421,-0.591231,seoul_external,0.7630406748360334,1
ba_14228062,2025-08,굽네피자 월계2동점,굽네치킨,피자,서울특별시,노원구,0,-0.268681,1.044904,seoul_external,0.4096290728863642,1
ba_14228062,2025-09,굽네피자 월계2동점,굽네치킨,피자,서울특별시,노원구,1,0.580432,-0.862638,seoul_external,0.6592635399217485,1
ba_14228480,2025-08,굽네치킨 중곡1동점,굽네치킨,치킨,서울특별시,광진구,1,0.728357,-1.085261,seoul_external,0.08996530440891486,0
ba_14228480,2025-09,굽네치킨 중곡1동점,굽네치킨,치킨,서울특별시,광진구,1,1.658402,-0.918903,seoul_external,0.8070648280981926,1
ba_14228481,2025-08,굽네피자 중곡1동점,굽네치킨,피자,서울특별시,광진구,1,0.197957,-0.596772,seoul_external,0.1606415253767975,0
ba_14228481,2025-09,굽네피자 중곡1동점,굽네치킨,피자,서울특별시,광진구,0,-0.108541,-0.747458,seoul_external,0.8111975405261442,1
ba_14229365,2025-08,굽네치킨&피자 중곡1동점,굽네치킨,치킨,서울특별시,광진구,1,0.929917,-0.791512,seoul_external,0.45872921558134433,1
ba_14229365,2025-09,굽네치킨&피자 중곡1동점,굽네치킨,치킨,서울특별시,광진구,1,0.720061,-0.661973,seoul_external,0.8231598982836676,1
ba_14252159,2025-08,굽네치킨 사당2동점,굽네치킨,치킨,서울특별시,동작구,0,0.0,-0.310001,seoul_external,0.02707657837238156,0
ba_14252159,2025-09,굽네치킨 사당2동점,굽네치킨,치킨,서울특별시,동작구,0,0.0,-0.166312,seoul_external,0.027503850644076063,0
ba_14252162,2025-08,굽네피자 사당2동점,굽네치킨,피자,서울특별시,동작구,0,0.0,-0.108569,seoul_external,0.047647885732990815,0
ba_14252162,2025-09,굽네피자 사당2동점,굽네치킨,피자,서울특별시,동작구,0,0.0,-0.16389,seoul_external,0.047083297867112996,0
ba_14253619,2025-08,본죽&비빔밥 문래힐스테이트점,본그룹,백반·죽·국수,서울특별시,영등포구,1,0.184647,0.256896,seoul_external,0.838007310104213,1
ba_14253619,2025-09,본죽&비빔밥 문래힐스테이트점,본그룹,백반·죽·국수,서울특별시,영등포구,0,0.040863,-0.312322,seoul_external,0.4721254905242828,1
ba_14254080,2025-08,굽네치킨&피자 망우본동점,굽네치킨,치킨,서울특별시,중랑구,1,1.570686,-0.804383,seoul_external,0.1706443663384084,0
ba_14254080,2025-09,굽네치킨&피자 망우본동점,굽네치킨,치킨,서울특별시,중랑구,1,0.610853,-0.502759,seoul_external,0.7100281661553088,1
ba_14267751,2025-08,굽네치킨 신정7동점,굽네치킨,치킨,서울특별시,양천구,1,0.425288,-0.030322,seoul_external,0.576451574746244,1
ba_14267751,2025-09,굽네치킨 신정7동점,굽네치킨,치킨,서울특별시,양천구,1,0.302575,-0.024955,seoul_external,0.7954007312346077,1
ba_14274576,2025-08,굽네치킨&피자 갈현점,굽네치킨,치킨,서울특별시,은평구,0,0.0,-0.310001,seoul_external,0.10771213776816871,0
ba_14274576,2025-09,굽네치킨&피자 갈현점,굽네치킨,치킨,서울특별시,은평구,0,0.0,-0.166312,seoul_external,0.2736049928034417,0
ba_14283482,2025-08,본죽&비빔밥 목동역점,본그룹,백반·죽·국수,서울특별시,양천구,0,-0.812511,-0.143104,seoul_external,0.8282888639223546,1
ba_14283482,2025-09,본죽&비빔밥 목동역점,본그룹,백반·죽·국수,서울특별시,양천구,0,-0.83411,-0.12242,seoul_external,0.5051849393434144,1
ba_14308401,2025-08,굽네치킨 삼성2동점,굽네치킨,치킨,서울특별시,강남구,0,0.0,-1.310001,seoul_external,0.1883956663408511,0
ba_14308401,2025-09,굽네치킨 삼성2동점,굽네치킨,치킨,서울특별시,강남구,0,0.0,-0.166312,seoul_external,0.41271277804754397,1
ba_14308402,2025-08,굽네피자 삼성2동점,굽네치킨,피자,서울특별시,강남구,0,0.0,-0.908569,seoul_external,0.33389047036885594,0
ba_14308402,2025-09,굽네피자 삼성2동점,굽네치킨,피자,서울특별시,강남구,0,0.0,-0.16389,seoul_external,0.5852491864993749,1
ba_14309634,2025-08,굽네치킨&피자 삼성2동점,굽네치킨,치킨,서울특별시,강남구,1,1.349511,-0.010869,seoul_external,0.4793789495995852,1
ba_14309634,2025-09,굽네치킨&피자 삼성2동점,굽네치킨,치킨,서울특별시,강남구,1,0.632003,-0.333007,seoul_external,0.9786116129633843,1
ba_14387630,2025-08,굽네치킨 등촌2동점,굽네치킨,치킨,서울특별시,강서구,0,-0.036966,-0.364309,seoul_external,0.5417798389923468,1
ba_14387630,2025-09,굽네치킨 등촌2동점,굽네치킨,치킨,서울특별시,강서구,0,-0.176671,-0.420981,seoul_external,0.8376569608746413,1
ba_14388856,2025-08,굽네치킨&피자 여의도1호점,굽네치킨,치킨,서울특별시,영등포구,0,-0.199023,-0.324614,seoul_external,0.5428484918185995,1
ba_14388856,2025-09,굽네치킨&피자 여의도1호점,굽네치킨,치킨,서울특별시,영등포구,0,-0.279276,-0.590167,seoul_external,0.8174397938719609,1
ba_14388863,2025-08,굽네피자 여의도1호점,굽네치킨,피자,서울특별시,영등포구,1,1.282034,-0.857169,seoul_external,0.39698797779562034,1
ba_14388863,2025-09,굽네피자 여의도1호점,굽네치킨,피자,서울특별시,영등포구,1,0.131334,-0.602543,seoul_external,0.6962370534140929,1
ba_14392310,2025-08,굽네피자 등촌2동점,굽네치킨,피자,서울특별시,강서구,1,1.017397,5.574693,seoul_external,0.7772661689799502,1
ba_14392310,2025-09,굽네피자 등촌2동점,굽네치킨,피자,서울특별시,강서구,1,1.176765,-0.042504,seoul_external,0.9058733378302777,1
ba_14440680,2025-08,굽네치킨&피자 면목점,굽네치킨,치킨,서울특별시,중랑구,0,-0.246082,-0.250373,seoul_external,0.49474556555362337,1
ba_14440680,2025-09,굽네치킨&피자 면목점,굽네치킨,치킨,서울특별시,중랑구,0,-0.272452,-0.421993,seoul_external,0.7634471785208544,1
ba_14440681,2025-08,굽네피자 면목점,굽네치킨,피자,서울특별시,중랑구,0,-0.785708,0.944899,seoul_external,0.7110489311208911,1
ba_14440681,2025-09,굽네피자 면목점,굽네치킨,피자,서울특별시,중랑구,0,-0.601884,-0.7787,seoul_external,0.8405760375409508,1
ba_14488495,2025-08,본죽&비빔밥 역촌점,본그룹,백반·죽·국수,서울특별시,은평구,0,-0.12,1.656896,seoul_external,0.14015292074647623,0
ba_14488495,2025-09,본죽&비빔밥 역촌점,본그룹,백반·죽·국수,서울특별시,은평구,0,-0.133333,-1.877793,seoul_external,0.07260562002928851,0
ba_14506379,2025-08,본죽&비빔밥 방학역점,본그룹,백반·죽·국수,서울특별시,도봉구,0,0.017576,-0.243104,seoul_external,0.8248918240256934,1
ba_14506379,2025-09,본죽&비빔밥 방학역점,본그룹,백반·죽·국수,서울특별시,도봉구,0,-0.271108,0.326376,seoul_external,0.8114582866421385,1
ba_14542191,2025-08,굽네피자 응암1호점,굽네치킨,피자,서울특별시,은평구,0,0.0,-0.108569,seoul_external,0.035912824154126305,0
ba_14542191,2025-09,굽네피자 응암1호점,굽네치킨,피자,서울특별시,은평구,0,0.0,-0.16389,seoul_external,0.03548210635953589,0
ba_14551802,2025-08,본죽&비빔밥 명동2호점,본그룹,백반·죽·국수,서울특별시,중구,1,0.282624,-0.343104,seoul_external,0.5558699702946506,1
ba_14551802,2025-09,본죽&비빔밥 명동2호점,본그룹,백반·죽·국수,서울특별시,중구,0,0.09302,-0.078135,seoul_external,0.5187693086249432,1
ba_14557869,2025-08,굽네치킨 화곡4동점,굽네치킨,치킨,서울특별시,강서구,0,-0.370035,-0.455759,seoul_external,0.4678067014390016,1
ba_14557869,2025-09,굽네치킨 화곡4동점,굽네치킨,치킨,서울특별시,강서구,0,-0.129799,-0.713457,seoul_external,0.7117136422153338,1
ba_14557882,2025-08,굽네치킨 신방화역점,굽네치킨,치킨,서울특별시,강서구,0,0.034612,0.969127,seoul_external,0.6287650798142196,1
ba_14557882,2025-09,굽네치킨 신방화역점,굽네치킨,치킨,서울특별시,강서구,0,-0.023328,-0.374363,seoul_external,0.7983656980806084,1
ba_14569929,2025-08,굽네치킨 응암1호점,굽네치킨,치킨,서울특별시,은평구,0,0.0,-0.310001,seoul_external,0.04040951242595176,0
ba_14569929,2025-09,굽네치킨 응암1호점,굽네치킨,치킨,서울특별시,은평구,0,0.0,-0.166312,seoul_external,0.041038305728079684,0
ba_14597164,2025-08,굽네치킨&피자 역삼2동점,굽네치킨,치킨,서울특별시,강남구,1,0.9739,0.037905,seoul_external,0.44759058136341684,1
ba_14597164,2025-09,굽네치킨&피자 역삼2동점,굽네치킨,치킨,서울특별시,강남구,1,1.17665,-0.584003,seoul_external,0.8263300083641199,1
ba_14597165,2025-08,굽네피자 역삼2동점,굽네치킨,피자,서울특별시,강남구,0,-0.703557,-0.796023,seoul_external,0.20006045023154914,0
ba_14597165,2025-09,굽네피자 역삼2동점,굽네치킨,피자,서울특별시,강남구,0,-0.372066,-1.01449,seoul_external,0.39733212319695876,1
ba_14620216,2025-08,굽네치킨&피자 북아현점,굽네치킨,치킨,서울특별시,서대문구,0,-0.053012,-0.294417,seoul_external,0.3865787405530729,1
ba_14620216,2025-09,굽네치킨&피자 북아현점,굽네치킨,치킨,서울특별시,서대문구,0,-0.033628,-0.166312,seoul_external,0.6110938441052803,1
ba_14652311,2025-08,굽네치킨&피자 강남세곡점,굽네치킨,치킨,서울특별시,강남구,0,-0.261263,1.01291,seoul_external,0.2172508413337572,0
ba_14652311,2025-09,굽네치킨&피자 강남세곡점,굽네치킨,치킨,서울특별시,강남구,0,-0.308845,-0.177299,seoul_external,0.44038385711969796,1
ba_14665998,2025-08,본죽&비빔밥 오금동사거리점,본그룹,백반·죽·국수,서울특별시,송파구,1,0.176599,-0.343104,seoul_external,0.5551920271721971,1
ba_14665998,2025-09,본죽&비빔밥 오금동사거리점,본그룹,백반·죽·국수,서울특별시,송파구,0,-0.048585,1.670491,seoul_external,0.44454401240614283,1
ba_14673508,2025-08,본죽&비빔밥 고덕래미안점,본그룹,백반·죽·국수,서울특별시,강동구,0,-0.38545,0.056896,seoul_external,0.8252092069859582,1
ba_14673508,2025-09,본죽&비빔밥 고덕래미안점,본그룹,백반·죽·국수,서울특별시,강동구,0,-0.514386,0.016151,seoul_external,0.48203026617732647,1
ba_14686990,2025-08,본죽 문정로데오점,본그룹,백반·죽·국수,서울특별시,송파구,0,-0.231644,-0.076437,seoul_external,0.5408684414447812,1
ba_14686990,2025-09,본죽 문정로데오점,본그룹,백반·죽·국수,서울특별시,송파구,0,-0.32398,-1.05299,seoul_external,0.4962089851680535,1
ba_14686997,2025-08,본죽 삼전동점,본그룹,백반·죽·국수,서울특별시,송파구,0,0.027121,-0.029019,seoul_external,0.9943352455405021,1
ba_14686997,2025-09,본죽 삼전동점,본그룹,백반·죽·국수,서울특별시,송파구,0,-0.185728,0.469531,seoul_external,0.9866556039733022,1
ba_14687060,2025-08,본죽&비빔밥 천호로데오점,본그룹,백반·죽·국수,서울특별시,강동구,0,-0.779455,-0.0394,seoul_external,0.8020961984946173,1
ba_14687060,2025-09,본죽&비빔밥 천호로데오점,본그룹,백반·죽·국수,서울특별시,강동구,0,-0.205607,-1.718104,seoul_external,0.7403255036320123,1
ba_14687076,2025-08,본죽 양천구청점,본그룹,백반·죽·국수,서울특별시,양천구,0,-0.013793,-0.186347,seoul_external,0.28593694810588405,0
ba_14687076,2025-09,본죽 양천구청점,본그룹,백반·죽·국수,서울특별시,양천구,0,-0.04,-1.856364,seoul_external,0.2675768307575741,0
ba_14687088,2025-08,본죽 길동시장점,본그룹,백반·죽·국수,서울특별시,강동구,0,0.065386,-0.15932,seoul_external,0.7280895833871794,1
ba_14687088,2025-09,본죽 길동시장점,본그룹,백반·죽·국수,서울특별시,강동구,0,-0.219564,0.691901,seoul_external,0.5852697342702676,1
ba_14687092,2025-08,본죽 동부이촌동점,본그룹,백반·죽·국수,서울특별시,용산구,0,0.028032,-0.000247,seoul_external,0.7296323622135343,1
ba_14687092,2025-09,본죽 동부이촌동점,본그룹,백반·죽·국수,서울특별시,용산구,0,-0.343861,0.751847,seoul_external,0.8662075784789797,1
ba_14687115,2025-08,본죽 강서구청점,본그룹,백반·죽·국수,서울특별시,강서구,1,0.282369,-0.185209,seoul_external,0.9310750924366962,1
ba_14687115,2025-09,본죽 강서구청점,본그룹,백반·죽·국수,서울특별시,강서구,1,0.238219,-0.38791,seoul_external,0.7991051359535417,1
ba_14687119,2025-08,본죽 성균관대점,본그룹,백반·죽·국수,서울특별시,종로구,1,0.280753,0.136896,seoul_external,0.9453042772424658,1
ba_14687119,2025-09,본죽 성균관대점,본그룹,백반·죽·국수,서울특별시,종로구,0,-0.0399,2.187608,seoul_external,0.9175815986857164,1
ba_14687134,2025-08,본죽 만리점,본그룹,백반·죽·국수,서울특별시,중구,1,0.334857,-0.066181,seoul_external,0.7287854037872773,1
ba_14687134,2025-09,본죽 만리점,본그룹,백반·죽·국수,서울특별시,중구,0,-0.115422,-1.898063,seoul_external,0.7004818452867785,1
ba_14687136,2025-08,본죽 서울백병원점,본그룹,백반·죽·국수,서울특별시,중구,0,-0.335696,-0.209771,seoul_external,0.6245341369644432,1
ba_14687136,2025-09,본죽 서울백병원점,본그룹,백반·죽·국수,서울특별시,중구,0,-0.443538,1.604371,seoul_external,0.46780151736744124,1
ba_14687137,2025-08,본죽&비빔밥 명동점,본그룹,백반·죽·국수,서울특별시,중구,1,2.425328,0.656896,seoul_external,0.45121732656518104,1
ba_14687137,2025-09,본죽&비빔밥 명동점,본그룹,백반·죽·국수,서울특별시,중구,1,1.840807,3.071161,seoul_external,0.37428545719417167,1
ba_14687166,2025-08,본죽&비빔밥 등촌공항대로점,본그룹,백반·죽·국수,서울특별시,강서구,1,0.636386,0.175415,seoul_external,0.897238490898744,1
ba_14687166,2025-09,본죽&비빔밥 등촌공항대로점,본그룹,백반·죽·국수,서울특별시,강서구,1,0.287741,1.905389,seoul_external,0.8658312950916592,1
ba_14687296,2025-08,본죽&비빔밥 봉일시장점,본그룹,백반·죽·국수,서울특별시,관악구,0,0.022222,-0.171045,seoul_external,0.793101178882899,1
ba_14687296,2025-09,본죽&비빔밥 봉일시장점,본그룹,백반·죽·국수,서울특별시,관악구,1,1.117819,-1.786471,seoul_external,0.9238097417969667,1
ba_14687304,2025-08,본죽&비빔밥 관악우체국점,본그룹,백반·죽·국수,서울특별시,관악구,0,0.0,-0.143104,seoul_external,0.5300704031654432,1
ba_14687304,2025-09,본죽&비빔밥 관악우체국점,본그룹,백반·죽·국수,서울특별시,관악구,0,0.0,-1.827793,seoul_external,0.492477610886866,1
ba_14687307,2025-08,본죽&비빔밥 봉천현대시장점,본그룹,백반·죽·국수,서울특별시,관악구,0,0.030801,0.023563,seoul_external,0.6322725247543047,1
ba_14687307,2025-09,본죽&비빔밥 봉천현대시장점,본그룹,백반·죽·국수,서울특별시,관악구,0,-0.041265,0.286265,seoul_external,0.5007803220055431,1
ba_14687310,2025-08,본죽&비빔밥 가산디지털점,본그룹,백반·죽·국수,서울특별시,금천구,1,0.130738,-0.152195,seoul_external,0.7877221181422106,1
ba_14687310,2025-09,본죽&비빔밥 가산디지털점,본그룹,백반·죽·국수,서울특별시,금천구,0,-0.123284,0.534228,seoul_external,0.7364604580369944,1
ba_14687315,2025-08,본죽&비빔밥 뚝섬유원지역점,본그룹,백반·죽·국수,서울특별시,광진구,1,0.368266,-0.070377,seoul_external,0.7552581446983287,1
ba_14687315,2025-09,본죽&비빔밥 뚝섬유원지역점,본그룹,백반·죽·국수,서울특별시,광진구,0,0.032175,2.648504,seoul_external,0.6254262059083736,1
ba_14687318,2025-08,본죽&비빔밥 독산정훈단지점,본그룹,백반·죽·국수,서울특별시,금천구,1,0.189516,0.376896,seoul_external,0.9635690035173884,1
ba_14687318,2025-09,본죽&비빔밥 독산정훈단지점,본그룹,백반·죽·국수,서울특별시,금천구,0,-0.211111,1.746794,seoul_external,0.9398379218779512,1
ba_14687322,2025-08,본죽&비빔밥 구의시장점,본그룹,백반·죽·국수,서울특별시,광진구,1,0.752753,-0.219294,seoul_external,0.8284967819756954,1
ba_14687322,2025-09,본죽&비빔밥 구의시장점,본그룹,백반·죽·국수,서울특별시,광진구,1,0.454834,0.62413,seoul_external,0.7834096573451549,1
ba_14687323,2025-08,본죽&비빔밥 관악구청점,본그룹,백반·죽·국수,서울특별시,관악구,1,0.322392,-0.06942,seoul_external,0.5943144390817362,1
ba_14687323,2025-09,본죽&비빔밥 관악구청점,본그룹,백반·죽·국수,서울특별시,관악구,1,0.215389,0.036715,seoul_external,0.5018350158745432,1
ba_14687326,2025-08,본죽&비빔밥 개봉점,본그룹,백반·죽·국수,서울특별시,구로구,1,0.29972,0.061151,seoul_external,0.9464475151309284,1
ba_14687326,2025-09,본죽&비빔밥 개봉점,본그룹,백반·죽·국수,서울특별시,구로구,0,-0.01843,1.300503,seoul_external,0.9290410772545469,1
ba_14687327,2025-08,본죽&비빔밥 시흥사거리점,본그룹,백반·죽·국수,서울특별시,금천구,0,-0.193272,-0.077887,seoul_external,0.931892508892801,1
ba_14687327,2025-09,본죽&비빔밥 시흥사거리점,본그룹,백반·죽·국수,서울특별시,금천구,0,-0.200361,-0.642548,seoul_external,0.9039442925908086,1
ba_14687333,2025-08,본죽&비빔밥 석계역점,본그룹,백반·죽·국수,서울특별시,노원구,0,0.074788,-0.087104,seoul_external,0.9473843389857977,1
ba_14687333,2025-09,본죽&비빔밥 석계역점,본그룹,백반·죽·국수,서울특별시,노원구,0,-0.12447,1.486441,seoul_external,0.9207513813086952,1
ba_14687334,2025-08,본죽&비빔밥 고척근린공원점,본그룹,백반·죽·국수,서울특별시,구로구,0,0.0,-0.143104,seoul_external,0.5276018029997087,1
ba_14687334,2025-09,본죽&비빔밥 고척근린공원점,본그룹,백반·죽·국수,서울특별시,구로구,0,0.0,-1.827793,seoul_external,0.4900015328453187,1
ba_14687335,2025-08,본죽&비빔밥 광운대역점,본그룹,백반·죽·국수,서울특별시,노원구,1,0.224824,-0.073421,seoul_external,0.9839424148449479,1
ba_14687335,2025-09,본죽&비빔밥 광운대역점,본그룹,백반·죽·국수,서울특별시,노원구,0,-0.143703,2.323931,seoul_external,0.9718496241178417,1
ba_14687340,2025-08,본죽&비빔밥 방학역점,본그룹,백반·죽·국수,서울특별시,도봉구,1,0.21413,-0.128179,seoul_external,0.9296755549199425,1
ba_14687340,2025-09,본죽&비빔밥 방학역점,본그룹,백반·죽·국수,서울특별시,도봉구,0,0.014451,0.852664,seoul_external,0.8992623667196931,1
ba_14687341,2025-08,본죽&비빔밥 봉천역점,본그룹,백반·죽·국수,서울특별시,관악구,0,-0.150247,-0.207104,seoul_external,0.8607023822765975,1
ba_14687341,2025-09,본죽&비빔밥 봉천역점,본그룹,백반·죽·국수,서울특별시,관악구,0,-0.144443,-0.345076,seoul_external,0.8182800923247981,1
ba_14687344,2025-08,본죽&비빔밥 쌍문점,본그룹,백반·죽·국수,서울특별시,도봉구,1,0.621452,2.336896,seoul_external,0.9910560972049985,1
ba_14687344,2025-09,본죽&비빔밥 쌍문점,본그룹,백반·죽·국수,서울특별시,도봉구,0,0.11354,4.272854,seoul_external,0.9778522973780595,1
ba_14687347,2025-08,본죽&비빔밥 둔촌보훈병원점,본그룹,백반·죽·국수,서울특별시,강동구,0,-0.2,-0.319104,seoul_external,0.4429856856563581,1
ba_14687347,2025-09,본죽&비빔밥 둔촌보훈병원점,본그룹,백반·죽·국수,서울특별시,강동구,0,0.0,-2.027793,seoul_external,0.40513814776629586,1
ba_14687350,2025-08,본죽&비빔밥 구로구청점,본그룹,백반·죽·국수,서울특별시,구로구,0,-0.086015,-0.066788,seoul_external,0.9912069637465734,1
ba_14687350,2025-09,본죽&비빔밥 구로구청점,본그룹,백반·죽·국수,서울특별시,구로구,0,-0.209916,0.184865,seoul_external,0.9785967057241937,1
ba_14687354,2025-08,본죽&비빔밥 신도림점,본그룹,백반·죽·국수,서울특별시,구로구,0,-0.048716,-0.162152,seoul_external,0.813860679223646,1
ba_14687354,2025-09,본죽&비빔밥 신도림점,본그룹,백반·죽·국수,서울특별시,구로구,0,-0.261884,-0.052248,seoul_external,0.7179476032845288,1
ba_14687365,2025-08,본죽&비빔밥 덕성여대점,본그룹,백반·죽·국수,서울특별시,도봉구,0,0.107586,-0.096045,seoul_external,0.7110357077919089,1
ba_14687365,2025-09,본죽&비빔밥 덕성여대점,본그룹,백반·죽·국수,서울특별시,도봉구,0,-0.182516,0.935071,seoul_external,0.6416137071641922,1
ba_14687368,2025-08,본죽&비빔밥 장안동점,본그룹,백반·죽·국수,서울특별시,동대문구,1,0.251237,-0.110451,seoul_external,0.9524063801944733,1
ba_14687368,2025-09,본죽&비빔밥 장안동점,본그룹,백반·죽·국수,서울특별시,동대문구,0,-0.106295,1.922432,seoul_external,0.9105671379387287,1
ba_14687382,2025-08,본죽&비빔밥 노량진점,본그룹,백반·죽·국수,서울특별시,동작구,1,0.240145,0.010519,seoul_external,0.9378637287045086,1
ba_14687382,2025-09,본죽&비빔밥 노량진점,본그룹,백반·죽·국수,서울특별시,동작구,0,-0.195077,2.234087,seoul_external,0.9070444097853179,1
ba_14687388,2025-08,본죽&비빔밥 중곡사거리점,본그룹,백반·죽·국수,서울특별시,광진구,0,0.07907,-0.221977,seoul_external,0.5182390667390284,1
ba_14687388,2025-09,본죽&비빔밥 중곡사거리점,본그룹,백반·죽·국수,서울특별시,광진구,1,60.277047,-1.786126,seoul_external,0.5710397969811343,1
ba_14687493,2025-08,본죽&비빔밥 상암DMC점,본그룹,백반·죽·국수,서울특별시,마포구,1,0.2,-0.193104,seoul_external,0.2875449871581587,0
ba_14687493,2025-09,본죽&비빔밥 상암DMC점,본그룹,백반·죽·국수,서울특별시,마포구,1,115.870435,-1.713507,seoul_external,0.28378414533756824,0
ba_14687497,2025-08,본죽 대림점,본그룹,백반·죽·국수,서울특별시,동작구,0,-0.049219,-0.206262,seoul_external,0.7555707475645885,1
ba_14687497,2025-09,본죽 대림점,본그룹,백반·죽·국수,서울특별시,동작구,0,-0.146168,-0.680883,seoul_external,0.5183236068146926,1
ba_14687859,2025-08,본죽&비빔밥 제기동역점,본그룹,백반·죽·국수,서울특별시,동대문구,0,0.0,-0.143104,seoul_external,0.4656603948333514,1
ba_14687859,2025-09,본죽&비빔밥 제기동역점,본그룹,백반·죽·국수,서울특별시,동대문구,0,0.0,-1.827793,seoul_external,0.4284706074280496,1
ba_14688086,2025-08,본죽&비빔밥 보라매점,본그룹,백반·죽·국수,서울특별시,동작구,1,0.596875,-0.130604,seoul_external,0.8660568854985038,1
ba_14688086,2025-09,본죽&비빔밥 보라매점,본그룹,백반·죽·국수,서울특별시,동작구,0,-0.122359,-1.813507,seoul_external,0.8564518177779495,1
ba_14688088,2025-08,본죽&비빔밥 대흥역점,본그룹,백반·죽·국수,서울특별시,마포구,0,0.04323,-0.074013,seoul_external,0.9835766445016996,1
ba_14688088,2025-09,본죽&비빔밥 대흥역점,본그룹,백반·죽·국수,서울특별시,마포구,0,-0.338692,3.897188,seoul_external,0.9467374198996872,1
ba_14688093,2025-08,본죽&비빔밥 상암하늘초교점,본그룹,백반·죽·국수,서울특별시,마포구,0,-0.071993,0.019396,seoul_external,0.8866114166751741,1
ba_14688093,2025-09,본죽&비빔밥 상암하늘초교점,본그룹,백반·죽·국수,서울특별시,마포구,0,-0.261649,0.709255,seoul_external,0.8289281233087814,1
ba_14688108,2025-08,본죽&비빔밥 중앙대점,본그룹,백반·죽·국수,서울특별시,동작구,0,0.065262,0.02275,seoul_external,0.9315068313650724,1
ba_14688108,2025-09,본죽&비빔밥 중앙대점,본그룹,백반·죽·국수,서울특별시,동작구,0,-0.090529,0.315006,seoul_external,0.8981817039343711,1
ba_14688114,2025-08,본죽&비빔밥 신촌점,본그룹,백반·죽·국수,서울특별시,서대문구,0,0.09556,0.546127,seoul_external,0.9942566236325164,1
ba_14688114,2025-09,본죽&비빔밥 신촌점,본그룹,백반·죽·국수,서울특별시,서대문구,0,-0.150916,2.038239,seoul_external,0.9817485898923062,1
ba_14688176,2025-08,본죽&비빔밥 옥수점,본그룹,백반·죽·국수,서울특별시,성동구,1,0.161793,-0.132578,seoul_external,0.6882465077798011,1
ba_14688176,2025-09,본죽&비빔밥 옥수점,본그룹,백반·죽·국수,서울특별시,성동구,0,-0.181223,1.833341,seoul_external,0.5759955657816964,1
ba_14688180,2025-08,본죽&비빔밥 왕십리뉴타운점,본그룹,백반·죽·국수,서울특별시,성동구,0,0.108215,-0.003378,seoul_external,0.9566845986839841,1
ba_14688180,2025-09,본죽&비빔밥 왕십리뉴타운점,본그룹,백반·죽·국수,서울특별시,성동구,0,-0.251439,1.321873,seoul_external,0.9494865070002004,1
ba_14688196,2025-08,본죽 홍제점,본그룹,백반·죽·국수,서울특별시,서대문구,0,0.021635,-0.256829,seoul_external,0.6854462442814429,1
ba_14688196,2025-09,본죽 홍제점,본그룹,백반·죽·국수,서울특별시,서대문구,0,-0.220331,3.373251,seoul_external,0.7058114121461873,1
ba_14688197,2025-08,본죽 인왕산점,본그룹,백반·죽·국수,서울특별시,서대문구,1,0.689343,0.156896,seoul_external,0.9094537674777611,1
ba_14688197,2025-09,본죽 인왕산점,본그룹,백반·죽·국수,서울특별시,서대문구,1,0.191675,5.623827,seoul_external,0.8386442668419628,1
ba_14688207,2025-08,본죽 이대점,본그룹,백반·죽·국수,서울특별시,서대문구,1,0.390215,-0.05739,seoul_external,0.5441801787017553,1
ba_14688207,2025-09,본죽 이대점,본그룹,백반·죽·국수,서울특별시,서대문구,0,-0.007589,1.219675,seoul_external,0.4887243985618321,1
ba_14688336,2025-08,본죽&비빔밥 고려대점,본그룹,백반·죽·국수,서울특별시,성북구,0,0.052308,-0.178547,seoul_external,0.8107395766698722,1
ba_14688336,2025-09,본죽&비빔밥 고려대점,본그룹,백반·죽·국수,서울특별시,성북구,1,1.437812,-1.847237,seoul_external,0.9174412801178679,1
ba_14688337,2025-08,본죽&비빔밥 장위뉴타운점,본그룹,백반·죽·국수,서울특별시,성북구,1,0.48881,-0.128818,seoul_external,0.8724791940736367,1
ba_14688337,2025-09,본죽&비빔밥 장위뉴타운점,본그룹,백반·죽·국수,서울특별시,성북구,0,-0.003527,1.851899,seoul_external,0.8162097717929969,1
ba_14688363,2025-08,본죽&비빔밥 목동역점,본그룹,백반·죽·국수,서울특별시,양천구,0,-0.513945,-0.065326,seoul_external,0.8998912782374962,1
ba_14688363,2025-09,본죽&비빔밥 목동역점,본그룹,백반·죽·국수,서울특별시,양천구,0,-0.732264,1.243467,seoul_external,0.8485440278218788,1
ba_14688371,2025-08,본죽&비빔밥 목동사거리점,본그룹,백반·죽·국수,서울특별시,양천구,1,0.350907,0.009277,seoul_external,0.9021477290960453,1
ba_14688371,2025-09,본죽&비빔밥 목동사거리점,본그룹,백반·죽·국수,서울특별시,양천구,0,0.072006,0.867728,seoul_external,0.8654633332746551,1
ba_14688563,2025-08,본죽&비빔밥 신정네거리역점,본그룹,백반·죽·국수,서울특별시,양천구,1,0.25601,0.112896,seoul_external,0.846095296381069,1
ba_14688563,2025-09,본죽&비빔밥 신정네거리역점,본그룹,백반·죽·국수,서울특별시,양천구,0,-0.054146,0.862949,seoul_external,0.7965632842373851,1
ba_14688567,2025-08,본죽&비빔밥 목동8단지점,본그룹,백반·죽·국수,서울특별시,양천구,0,-0.400237,-0.218104,seoul_external,0.6943264598677592,1
ba_14688567,2025-09,본죽&비빔밥 목동8단지점,본그룹,백반·죽·국수,서울특별시,양천구,0,-0.419516,-0.900922,seoul_external,0.4730389623304266,1
ba_14688582,2025-08,본죽&비빔밥 오목교역점,본그룹,백반·죽·국수,서울특별시,양천구,0,0.107172,-0.044799,seoul_external,0.9535697656680281,1
ba_14688582,2025-09,본죽&비빔밥 오목교역점,본그룹,백반·죽·국수,서울특별시,양천구,0,-0.191976,0.336794,seoul_external,0.9480347821732762,1
ba_14688656,2025-08,본죽&비빔밥 문래힐스테이트점,본그룹,백반·죽·국수,서울특별시,영등포구,1,0.426541,0.023563,seoul_external,0.8527562465227728,1
ba_14688656,2025-09,본죽&비빔밥 문래힐스테이트점,본그룹,백반·죽·국수,서울특별시,영등포구,0,0.04881,0.121835,seoul_external,0.8360182434342944,1
ba_14688687,2025-08,본죽&비빔밥 신길점,본그룹,백반·죽·국수,서울특별시,영등포구,1,0.224094,0.233519,seoul_external,0.9628624830261797,1
ba_14688687,2025-09,본죽&비빔밥 신길점,본그룹,백반·죽·국수,서울특별시,영등포구,0,-0.115049,2.424286,seoul_external,0.9434469900957279,1
ba_14688697,2025-08,본죽&비빔밥 신풍역점,본그룹,백반·죽·국수,서울특별시,영등포구,0,0.043488,-0.284013,seoul_external,0.8775279918696701,1
ba_14688697,2025-09,본죽&비빔밥 신풍역점,본그룹,백반·죽·국수,서울특별시,영등포구,0,-0.118787,-0.220695,seoul_external,0.8306675337951073,1
ba_14688751,2025-08,본죽&비빔밥 여의도역점,본그룹,백반·죽·국수,서울특별시,영등포구,1,0.568208,-0.180604,seoul_external,0.83810589409691,1
ba_14688751,2025-09,본죽&비빔밥 여의도역점,본그룹,백반·죽·국수,서울특별시,영등포구,1,0.310451,0.520416,seoul_external,0.8183151786990547,1
ba_14688765,2025-08,본죽&비빔밥 영등포시장역점,본그룹,백반·죽·국수,서울특별시,영등포구,1,0.340118,0.067707,seoul_external,0.8791558389255159,1
ba_14688765,2025-09,본죽&비빔밥 영등포시장역점,본그룹,백반·죽·국수,서울특별시,영등포구,0,-0.023632,0.990933,seoul_external,0.8912627983783392,1
ba_14688848,2025-08,본죽&비빔밥 연신갈현점,본그룹,백반·죽·국수,서울특별시,은평구,1,0.40841,-0.124922,seoul_external,0.8930304313055649,1
ba_14688848,2025-09,본죽&비빔밥 연신갈현점,본그룹,백반·죽·국수,서울특별시,은평구,0,-0.047007,2.760373,seoul_external,0.836846296587459,1
ba_14688860,2025-08,본죽&비빔밥 수색DMC점,본그룹,백반·죽·국수,서울특별시,은평구,1,0.12341,0.184896,seoul_external,0.9627873891096643,1
ba_14688860,2025-09,본죽&비빔밥 수색DMC점,본그룹,백반·죽·국수,서울특별시,은평구,0,-0.377788,3.844739,seoul_external,0.9251015523156811,1
ba_14688923,2025-08,본죽&비빔밥 종로르메이에르점,본그룹,백반·죽·국수,서울특별시,종로구,0,-0.230004,-0.209771,seoul_external,0.8444219207254596,1
ba_14688923,2025-09,본죽&비빔밥 종로르메이에르점,본그룹,백반·죽·국수,서울특별시,종로구,0,-0.440269,0.765163,seoul_external,0.554224781941965,1
ba_14688924,2025-08,본죽&비빔밥 서대문역점,본그룹,백반·죽·국수,서울특별시,종로구,0,0.011872,-0.035961,seoul_external,0.9501944549974448,1
ba_14688924,2025-09,본죽&비빔밥 서대문역점,본그룹,백반·죽·국수,서울특별시,종로구,0,-0.266711,1.856686,seoul_external,0.9071876687417111,1
ba_14689101,2025-08,본죽&비빔밥 강남성심병원점,본그룹,백반·죽·국수,서울특별시,영등포구,0,0.100373,-0.00674,seoul_external,0.8756906015426397,1
ba_14689101,2025-09,본죽&비빔밥 강남성심병원점,본그룹,백반·죽·국수,서울특별시,영등포구,0,-0.114392,0.566529,seoul_external,0.8511738910368335,1
ba_14689802,2025-08,본죽&비빔밥 한성대입구점,본그룹,백반·죽·국수,서울특별시,성북구,0,0.0,-0.143104,seoul_external,0.5220796757402199,1
ba_14689802,2025-09,본죽&비빔밥 한성대입구점,본그룹,백반·죽·국수,서울특별시,성북구,0,0.0,-1.827793,seoul_external,0.484469349438946,1
ba_14689910,2025-08,본죽&비빔밥 외대점,본그룹,백반·죽·국수,서울특별시,동대문구,0,-0.002817,-0.089533,seoul_external,0.8099466099407329,1
ba_14689910,2025-09,본죽&비빔밥 외대점,본그룹,백반·죽·국수,서울특별시,동대문구,1,1.968849,-1.735793,seoul_external,0.9450281795607403,1
ba_14690081,2025-08,본죽 신곡시장점,본그룹,백반·죽·국수,서울특별시,양천구,1,0.126332,0.354855,seoul_external,0.9682766127080397,1
ba_14690081,2025-09,본죽 신곡시장점,본그룹,백반·죽·국수,서울특별시,양천구,0,-0.118492,2.209841,seoul_external,0.9270827646598553,1
ba_14690378,2025-08,본죽 오금점,본그룹,백반·죽·국수,서울특별시,송파구,1,0.27026,0.390229,seoul_external,0.8635064321863261,1
ba_14690378,2025-09,본죽 오금점,본그룹,백반·죽·국수,서울특별시,송파구,0,0.079545,-0.057482,seoul_external,0.8270500356430567,1
ba_14691918,2025-08,본죽&비빔밥 방학도깨비시장점,본그룹,백반·죽·국수,서울특별시,도봉구,0,-0.1,0.356896,seoul_external,0.24685973957128587,0
ba_14691918,2025-09,본죽&비빔밥 방학도깨비시장점,본그룹,백반·죽·국수,서울특별시,도봉구,1,74.604017,-1.59446,seoul_external,0.26125363438541915,0
ba_14692056,2025-08,본죽&비빔밥 자양동점,본그룹,백반·죽·국수,서울특별시,광진구,0,0.0,-0.143104,seoul_external,0.09455785324297912,0
ba_14692056,2025-09,본죽&비빔밥 자양동점,본그룹,백반·죽·국수,서울특별시,광진구,0,0.0,-1.827793,seoul_external,0.08243371513760947,0
ba_14692060,2025-08,본죽&비빔밥 돌곶이역점,본그룹,백반·죽·국수,서울특별시,성북구,1,0.449565,0.00305,seoul_external,0.9509911970767445,1
ba_14692060,2025-09,본죽&비빔밥 돌곶이역점,본그룹,백반·죽·국수,서울특별시,성북구,0,0.109682,1.685623,seoul_external,0.9167821126965511,1
ba_14692551,2025-08,본죽&비빔밥 당산점,본그룹,백반·죽·국수,서울특별시,영등포구,1,0.179784,-0.231104,seoul_external,0.8632474810523991,1
ba_14692551,2025-09,본죽&비빔밥 당산점,본그룹,백반·죽·국수,서울특별시,영등포구,0,-0.022624,0.239524,seoul_external,0.8193939413298609,1
ba_14694145,2025-08,본죽&비빔밥 합정역점,본그룹,백반·죽·국수,서울특별시,마포구,0,-0.170542,-0.176437,seoul_external,0.8522843585010851,1
ba_14694145,2025-09,본죽&비빔밥 합정역점,본그룹,백반·죽·국수,서울특별시,마포구,0,-0.434807,0.966487,seoul_external,0.768987827165997,1
ba_14694278,2025-08,본죽&비빔밥 오금동사거리점,본그룹,백반·죽·국수,서울특별시,송파구,1,0.505055,-0.036437,seoul_external,0.8458479047339242,1
ba_14694278,2025-09,본죽&비빔밥 오금동사거리점,본그룹,백반·죽·국수,서울특별시,송파구,0,0.015225,1.391516,seoul_external,0.8117852497197303,1
ba_14694287,2025-08,본죽&비빔밥 인사동점,본그룹,백반·죽·국수,서울특별시,종로구,1,0.233333,-0.223104,seoul_external,0.09667257598119795,0
ba_14694287,2025-09,본죽&비빔밥 인사동점,본그룹,백반·죽·국수,서울특별시,종로구,1,34.292289,-1.927793,seoul_external,0.07947656410098065,0
ba_14694402,2025-08,본죽 월곡점,본그룹,백반·죽·국수,서울특별시,성북구,0,0.018254,-0.087548,seoul_external,0.6062717412503885,1
ba_14694402,2025-09,본죽 월곡점,본그룹,백반·죽·국수,서울특별시,성북구,0,-0.286446,1.574316,seoul_external,0.5399454081973534,1
ba_14694670,2025-08,본죽&비빔밥 충무로역점,본그룹,백반·죽·국수,서울특별시,중구,1,0.173155,-0.158489,seoul_external,0.6691204472927297,1
ba_14694670,2025-09,본죽&비빔밥 충무로역점,본그룹,백반·죽·국수,서울특별시,중구,0,-0.103805,1.665716,seoul_external,0.7662298653204194,1
ba_14695290,2025-08,본죽&비빔밥 용산센트럴점,본그룹,백반·죽·국수,서울특별시,용산구,1,0.55277,-0.114533,seoul_external,0.6733037267563213,1
ba_14695290,2025-09,본죽&비빔밥 용산센트럴점,본그룹,백반·죽·국수,서울특별시,용산구,1,0.195784,7.39531,seoul_external,0.6563229056625735,1
ba_14695958,2025-08,본죽 삼양사거리점,본그룹,백반·죽·국수,서울특별시,강북구,0,-0.034146,-0.060345,seoul_external,0.8060328223345806,1
ba_14695958,2025-09,본죽 삼양사거리점,본그룹,백반·죽·국수,서울특별시,강북구,1,1.034287,-1.731241,seoul_external,0.7585342953340347,1
ba_14699201,2025-08,본죽 전농동점,본그룹,백반·죽·국수,서울특별시,동대문구,1,0.508301,-0.015831,seoul_external,0.8893445735937735,1
ba_14699201,2025-09,본죽 전농동점,본그룹,백반·죽·국수,서울특별시,동대문구,0,-0.140013,6.049394,seoul_external,0.7273539500507121,1
ba_14700021,2025-08,굽네치킨 영등포본동점,굽네치킨,치킨,서울특별시,영등포구,0,-0.028739,0.235068,seoul_external,0.56036067056884,1
ba_14700021,2025-09,굽네치킨 영등포본동점,굽네치킨,치킨,서울특별시,영등포구,0,-0.286692,0.103163,seoul_external,0.7993644754159931,1
ba_14701165,2025-08,본죽&비빔밥 연세세브란스빌딩점,본그룹,백반·죽·국수,서울특별시,중구,0,-0.065157,-0.343104,seoul_external,0.5362818438657642,1
ba_14701165,2025-09,본죽&비빔밥 연세세브란스빌딩점,본그룹,백반·죽·국수,서울특별시,중구,0,-0.201142,1.441139,seoul_external,0.4097978708187339,1
ba_14702063,2025-08,본죽&비빔밥 목동파라곤점,본그룹,백반·죽·국수,서울특별시,양천구,1,2.386508,-0.018104,seoul_external,0.07495577530782549,0
ba_14702063,2025-09,본죽&비빔밥 목동파라곤점,본그룹,백반·죽·국수,서울특별시,양천구,1,3.916618,-1.783349,seoul_external,0.20168883695432943,0
ba_14702996,2025-08,본죽&비빔밥 사당연세사랑병원점,본그룹,백반·죽·국수,서울특별시,서초구,0,-0.257089,-0.109771,seoul_external,0.7806993138003047,1
ba_14702996,2025-09,본죽&비빔밥 사당연세사랑병원점,본그룹,백반·죽·국수,서울특별시,서초구,0,-0.339358,1.836592,seoul_external,0.7091169688262197,1
ba_14703930,2025-08,본죽 중화역점,본그룹,백반·죽·국수,서울특별시,중랑구,1,0.291137,0.127484,seoul_external,0.9185842416507869,1
ba_14703930,2025-09,본죽 중화역점,본그룹,백반·죽·국수,서울특별시,중랑구,0,-0.131959,2.329569,seoul_external,0.9006745735881287,1
ba_14712294,2025-08,본죽&비빔밥 서울대입구역점,본그룹,백반·죽·국수,서울특별시,관악구,0,0.039411,0.079477,seoul_external,0.9807087500391838,1
ba_14712294,2025-09,본죽&비빔밥 서울대입구역점,본그룹,백반·죽·국수,서울특별시,관악구,0,-0.281364,0.914245,seoul_external,0.9660150732159285,1
ba_14715313,2025-08,굽네치킨&피자 홍은1동점,굽네치킨,치킨,서울특별시,서대문구,0,-0.010753,-0.200001,seoul_external,0.28048035640619345,0
ba_14715313,2025-09,굽네치킨&피자 홍은1동점,굽네치킨,치킨,서울특별시,서대문구,0,-0.035417,-0.079745,seoul_external,0.6331053197628581,1
ba_14733416,2025-08,굽네치킨&피자 먹골역점,굽네치킨,치킨,서울특별시,중랑구,0,0.0,-0.310001,seoul_external,0.027651876949745777,0
ba_14733416,2025-09,굽네치킨&피자 먹골역점,굽네치킨,치킨,서울특별시,중랑구,0,0.0,-0.166312,seoul_external,0.02808796542788661,0
ba_14736681,2025-08,본죽&비빔밥 신림녹두거리점,본그룹,백반·죽·국수,서울특별시,관악구,0,-0.134283,-0.081566,seoul_external,0.8528654589002798,1
ba_14736681,2025-09,본죽&비빔밥 신림녹두거리점,본그룹,백반·죽·국수,서울특별시,관악구,0,-0.289902,-0.189257,seoul_external,0.8165307900650708,1
ba_14736683,2025-08,본죽&비빔밥 신림녹두거리점,본그룹,백반·죽·국수,서울특별시,관악구,1,0.227384,0.397247,seoul_external,0.9283937182844839,1
ba_14736683,2025-09,본죽&비빔밥 신림녹두거리점,본그룹,백반·죽·국수,서울특별시,관악구,0,-0.029233,0.646406,seoul_external,0.9084212154635803,1
ba_14737726,2025-08,굽네치킨 대치4동점,굽네치킨,치킨,서울특별시,강남구,0,-0.071751,1.417174,seoul_external,0.578641928293991,1
ba_14737726,2025-09,굽네치킨 대치4동점,굽네치킨,치킨,서울특별시,강남구,0,-0.256603,-0.027676,seoul_external,0.8468864969308344,1
ba_14744329,2025-08,본죽&비빔밥 송파헬리오시티점,본그룹,백반·죽·국수,서울특별시,송파구,1,0.145101,0.181896,seoul_external,0.6495017419114153,1
ba_14744329,2025-09,본죽&비빔밥 송파헬리오시티점,본그룹,백반·죽·국수,서울특별시,송파구,0,-0.189428,-0.019382,seoul_external,0.7814711709274227,1
ba_14749296,2025-08,굽네치킨&피자 석촌고분점,굽네치킨,치킨,서울특별시,송파구,0,-0.119806,4.062386,seoul_external,0.7098177635022256,1
ba_14749296,2025-09,굽네치킨&피자 석촌고분점,굽네치킨,치킨,서울특별시,송파구,0,-0.161835,0.486225,seoul_external,0.8935651289318105,1
ba_14767892,2025-08,굽네치킨&피자 둔촌시장점,굽네치킨,치킨,서울특별시,강동구,1,1.91606,-0.310001,seoul_external,0.5002184081476603,1
ba_14767892,2025-09,굽네치킨&피자 둔촌시장점,굽네치킨,치킨,서울특별시,강동구,1,0.346538,-0.166312,seoul_external,0.759596234248925,1
ba_14772060,2025-08,굽네치킨&피자 천호1동점,굽네치킨,치킨,서울특별시,강동구,1,50.513621,-0.310001,seoul_external,0.3413596546031476,0
ba_14772060,2025-09,굽네치킨&피자 천호1동점,굽네치킨,치킨,서울특별시,강동구,1,1.160091,-0.166312,seoul_external,0.7673746372379578,1
ba_14778106,2025-08,굽네치킨 구로디지털점,굽네치킨,치킨,서울특별시,구로구,0,-0.2,-0.310001,seoul_external,0.1202648153365613,0
ba_14778106,2025-09,굽네치킨 구로디지털점,굽네치킨,치킨,서울특별시,구로구,0,-0.2,-0.166312,seoul_external,0.2990120484083127,0
ba_14791437,2025-08,굽네치킨&피자 신수점,굽네치킨,치킨,서울특별시,마포구,0,0.0,-0.310001,seoul_external,0.13036538737408826,0
ba_14791437,2025-09,굽네치킨&피자 신수점,굽네치킨,치킨,서울특별시,마포구,0,0.0,-0.166312,seoul_external,0.1322010988897505,0
ba_14794547,2025-08,굽네치킨&피자 회기역점,굽네치킨,치킨,서울특별시,동대문구,0,0.0,-0.310001,seoul_external,0.14727951777074763,0
ba_14794547,2025-09,굽네치킨&피자 회기역점,굽네치킨,치킨,서울특별시,동대문구,1,204.630043,-0.166312,seoul_external,0.45862391726857465,1
ba_14795104,2025-08,굽네치킨 독산스타점,굽네치킨,치킨,서울특별시,금천구,0,0.0,-0.310001,seoul_external,0.15816903369952376,0
ba_14795104,2025-09,굽네치킨 독산스타점,굽네치킨,치킨,서울특별시,금천구,1,6.146782,-0.166312,seoul_external,0.7668987575316837,1
ba_14795563,2025-08,본죽&비빔밥 잠원역점,본그룹,백반·죽·국수,서울특별시,서초구,0,0.0,-0.143104,seoul_external,0.12004188909384653,0
ba_14795563,2025-09,본죽&비빔밥 잠원역점,본그룹,백반·죽·국수,서울특별시,서초구,1,75.786169,-1.827793,seoul_external,0.09306151369575642,0
ba_14796264,2025-08,굽네치킨 종암스타점,굽네치킨,치킨,서울특별시,성북구,0,0.0,-0.310001,seoul_external,0.038788933119332125,0
ba_14796264,2025-09,굽네치킨 종암스타점,굽네치킨,치킨,서울특별시,성북구,0,0.0,-0.166312,seoul_external,0.03939354457620656,0
ba_14797999,2025-08,굽네치킨&피자 대흥역점,굽네치킨,치킨,서울특별시,마포구,0,0.0,-0.310001,seoul_external,0.12497822444550151,0
ba_14797999,2025-09,굽네치킨&피자 대흥역점,굽네치킨,치킨,서울특별시,마포구,1,97.093988,-0.166312,seoul_external,0.12025297758404938,0
ba_14800652,2025-08,본죽&비빔밥 내방역점,본그룹,백반·죽·국수,서울특별시,서초구,0,0.0,-0.143104,seoul_external,0.3247772337554558,0
ba_14800652,2025-09,본죽&비빔밥 내방역점,본그룹,백반·죽·국수,서울특별시,서초구,0,0.0,-1.827793,seoul_external,0.2926761492755994,0
ba_14801006,2025-08,굽네치킨&피자 상봉점,굽네치킨,치킨,서울특별시,중랑구,0,0.0,-0.310001,seoul_external,0.10223872409629606,0
ba_14801006,2025-09,굽네치킨&피자 상봉점,굽네치킨,치킨,서울특별시,중랑구,1,144.262975,-0.166312,seoul_external,0.4073032834982358,1
ba_14809938,2025-08,굽네치킨&피자 도곡스타점,굽네치킨,치킨,서울특별시,강남구,0,0.0,-0.310001,seoul_external,0.2772850713251363,0
ba_14809938,2025-09,굽네치킨&피자 도곡스타점,굽네치킨,치킨,서울특별시,강남구,0,0.0,-0.166312,seoul_external,0.28052225165025557,0
ba_14826413,2025-08,본죽&비빔밥 대림성모점,본그룹,백반·죽·국수,서울특별시,동작구,0,0.0,-0.143104,seoul_external,0.09425803291297713,0
ba_14826413,2025-09,본죽&비빔밥 대림성모점,본그룹,백반·죽·국수,서울특별시,동작구,0,0.0,-1.827793,seoul_external,0.08216884887121342,0
ba_14828692,2025-08,본죽&비빔밥 대림성모점,본그룹,백반·죽·국수,서울특별시,동작구,0,0.0,-0.143104,seoul_external,0.09425803291297713,0
ba_14828692,2025-09,본죽&비빔밥 대림성모점,본그룹,백반·죽·국수,서울특별시,동작구,0,0.0,-1.827793,seoul_external,0.08216884887121342,0
ba_14831111,2025-08,본죽&비빔밥 상봉역점,본그룹,백반·죽·국수,서울특별시,중랑구,0,0.0,-0.143104,seoul_external,0.10968884211091529,0
ba_14831111,2025-09,본죽&비빔밥 상봉역점,본그룹,백반·죽·국수,서울특별시,중랑구,0,0.0,-1.827793,seoul_external,0.09582995392445494,0
ba_14831112,2025-08,본죽&비빔밥 상봉역점,본그룹,백반·죽·국수,서울특별시,중랑구,0,0.0,-0.143104,seoul_external,0.11846497442234763,0
ba_14831112,2025-09,본죽&비빔밥 상봉역점,본그룹,백반·죽·국수,서울특별시,중랑구,0,0.0,-1.827793,seoul_external,0.10362630736030413,0
ba_14840445,2025-08,굽네치킨&피자 등촌3동점,굽네치킨,치킨,서울특별시,강서구,0,0.0,-0.310001,seoul_external,0.029804609124142376,0
ba_14840445,2025-09,굽네치킨&피자 등촌3동점,굽네치킨,치킨,서울특별시,강서구,0,0.0,-0.166312,seoul_external,0.030273590602035664,0
ba_14841573,2025-08,본죽&비빔밥 왕십리점,본그룹,백반·죽·국수,서울특별시,성동구,0,0.0,-0.143104,seoul_external,0.11265843371320579,0
ba_14841573,2025-09,본죽&비빔밥 왕십리점,본그룹,백반·죽·국수,서울특별시,성동구,0,0.0,-1.827793,seoul_external,0.09846584168904614,0
ba_14841574,2025-08,본죽&비빔밥 왕십리점,본그룹,백반·죽·국수,서울특별시,성동구,0,0.0,-0.143104,seoul_external,0.10881023174509241,0
ba_14841574,2025-09,본죽&비빔밥 왕십리점,본그룹,백반·죽·국수,서울특별시,성동구,0,0.0,-1.827793,seoul_external,0.09505050205724587,0
ba_14842562,2025-08,굽네치킨&피자 영등포구청역점,굽네치킨,치킨,서울특별시,영등포구,0,0.0,-0.310001,seoul_external,0.047516077581478036,0
ba_14842562,2025-09,굽네치킨&피자 영등포구청역점,굽네치킨,치킨,서울특별시,영등포구,0,0.0,-0.166312,seoul_external,0.048249892529605216,0
