platform_shop_id,year_month,shop_name,brand,category,sido,sigungu,experiment_group,final_growth_probability,probability_score,growth_alpha_score,review_growth_score,operation_score,stability_score,market_fit_score,gromong_score,grade,historical_internal_growth_alpha,historical_review_growth_3m,reply_rate,avg_reply_delay_hours,order_count,sales_amount,review_count,is_seoul_external,market_q4_avg_ticket,store_vs_market_ticket_ratio,brand_percentile_score,category_percentile_score,calibrated_score,calibrated_grade,overall_rank,calibrated_rank,brand_rank,category_rank,rank_change,recommendation_track,recommendation_reason
ba_14462203,2025-09,본죽&비빔밥 동대구시장점,본그룹,백반·죽·국수,대구광역시,동구,실험군,0.8239567113211992,82.39567113211992,87.32797747856178,100.0,98.9488061963524,89.48882469324059,50.0,89.46,A,2.058607,5.5,1.0,63.3,144,3209000.0,5,0,,,98.7547,98.7547,94.1073,A,11,11,11,11,0,brand_balanced,본그룹 브랜드 내부 보정 점수 상위 후보
ba_13219951,2025-09,본죽&비빔밥 순천연향점,본그룹,백반·죽·국수,전라남도,순천시,실험군,0.835288199259922,83.52881992599221,91.61067336238119,100.0,96.34057871851276,78.64986507395915,50.0,89.45,A,2.25178,11.2,1.0,150.43,108,2333000.0,13,0,,,98.6301,98.6301,94.0401,A,12,12,12,12,0,brand_balanced,본그룹 브랜드 내부 보정 점수 상위 후보
ba_14690680,2025-09,본죽&비빔밥 김해율하2지구점,본그룹,백반·죽·국수,경상남도,김해시,실험군,0.9765919577383254,97.65919577383254,81.09478634713187,100.0,97.23922429276669,51.004231520302184,50.0,89.14,A,1.777456,3.0,1.0,120.41,643,16295500.0,40,0,,,98.5056,98.5056,93.8228,A,13,14,13,13,-1,brand_balanced,본그룹 브랜드 내부 보정 점수 상위 후보
ba_14691080,2025-09,본죽&비빔밥 대전유성온천역점,본그룹,백반·죽·국수,대전광역시,유성구,실험군,0.9921068502195304,99.21068502195304,80.98985450045497,100.0,96.22802351001194,46.151935767339445,50.0,89.02,A,1.772723,6.277778,1.0,154.19,865,20759900.0,37,0,,,98.3811,98.3811,93.7005,A,14,15,14,14,-1,brand_balanced,본그룹 브랜드 내부 보정 점수 상위 후보
ba_14690155,2025-09,본죽&비빔밥 김포걸포점,본그룹,백반·죽·국수,경기도,김포시,실험군,0.9172729463985956,91.72729463985956,100.0,86.8421052631579,73.50611321206564,73.35956107509405,50.0,88.49,A,3.667783,2.5,0.7692,412.08,310,8100800.0,13,0,,,98.2565,98.2565,93.3733,A,15,17,15,15,-2,brand_balanced,본그룹 브랜드 내부 보정 점수 상위 후보
ba_13248384,2025-09,본죽&비빔밥 구리인창점,본그룹,백반·죽·국수,경기도,구리시,실험군,0.968667565308182,96.8667565308182,100.0,100.0,100.0,92.77216682331932,50.0,98.18,A,3.252224,5.0,1.0,16.03,57,1173800.0,1,0,,,100.0000,100.0000,99.0900,A,1,1,1,1,0,category_balanced,백반·죽·국수 카테고리 내부 보정 점수 상위 후보
ba_14689004,2025-09,본죽&비빔밥 산본학원가점,본그룹,백반·죽·국수,경기도,군포시,실험군,0.902457244085681,90.2457244085681,100.0,100.0,96.30495619241809,67.94166104656522,50.0,92.83,A,3.658348,6.727273,1.0,151.62,263,6785700.0,30,0,,,99.8755,99.8755,96.3527,A,2,2,2,2,0,category_balanced,백반·죽·국수 카테고리 내부 보정 점수 상위 후보
ba_14694390,2025-09,본죽&비빔밥 평택시청점,본그룹,백반·죽·국수,경기도,평택시,실험군,0.9688053400131862,96.88053400131862,97.39473934063538,100.0,98.83224604089621,39.9838151108264,50.0,92.08,A,2.512673,6.734177,0.99,45.48,617,15612400.0,200,0,,,99.7509,99.7509,95.9155,A,3,3,3,3,0,category_balanced,백반·죽·국수 카테고리 내부 보정 점수 상위 후보
ba_14756888,2025-09,본죽&비빔밥 창원대원점,본그룹,백반·죽·국수,경상남도,창원시,실험군,0.9326755449665516,93.26755449665515,100.0,100.0,98.21001296608632,44.0054451187881,50.0,91.78,A,3.817406,9.076923,1.0,87.98,445,8404500.0,18,0,,,99.6264,99.6264,95.7032,A,4,4,4,4,0,category_balanced,백반·죽·국수 카테고리 내부 보정 점수 상위 후보
ba_14692155,2025-09,본죽&비빔밥 해운대백병원점,본그룹,백반·죽·국수,부산광역시,해운대구,실험군,0.9461204724135877,94.61204724135877,100.0,100.0,97.50145398065692,39.81134886180272,50.0,91.72,A,2.95417,5.5,1.0,111.65,441,11358300.0,62,0,,,99.5019,99.5019,95.6109,A,5,5,5,5,0,category_balanced,백반·죽·국수 카테고리 내부 보정 점수 상위 후보
ba_14692232,2025-09,본죽 아산용화점,본그룹,백반·죽·국수,충청남도,아산시,실험군,0.8553397977728002,85.53397977728002,100.0,89.47368421052633,96.57227481260755,88.62840235373629,50.0,91.71,A,3.500368,2.6,1.0,142.69,155,3990400.0,6,0,,,99.3773,99.3773,95.5437,A,6,6,6,6,0,category_balanced,백반·죽·국수 카테고리 내부 보정 점수 상위 후보
ba_14692455,2025-09,본죽&비빔밥 천안신불당북부점,본그룹,백반·죽·국수,충청남도,천안시,실험군,0.914427150279979,91.4427150279979,92.55488262038301,100.0,97.26826114176825,65.34009033556018,50.0,91.27,A,2.294369,5.0,1.0,119.44,301,7169700.0,28,0,,,99.2528,99.2528,95.2614,A,7,7,7,7,0,category_balanced,백반·죽·국수 카테고리 내부 보정 점수 상위 후보
ba_14688738,2025-09,본죽&비빔밥 분당롯데점,본그룹,백반·죽·국수,경기도,성남시,실험군,0.8463820860447171,84.63820860447171,100.0,73.68421052631578,100.0,95.84636590407445,50.0,90.26,A,2.947045,2.0,1.0,20.28,8,187900.0,3,0,,,99.1283,99.1283,94.6941,A,8,8,8,8,0,category_balanced,백반·죽·국수 카테고리 내부 보정 점수 상위 후보
ba_13470236,2025-09,본죽&비빔밥 신제주점,본그룹,백반·죽·국수,제주특별자치도,제주시,실험군,0.7740091044799817,77.40091044799817,100.0,100.0,95.22011556580374,85.7293296019883,50.0,89.95,A,6.160326,15.0,1.0,187.86,64,1763400.0,3,0,,,99.0037,99.0037,94.4769,A,9,9,9,9,0,category_balanced,백반·죽·국수 카테고리 내부 보정 점수 상위 후보
ba_13223654,2025-09,본죽&비빔밥 고양행신역점,본그룹,백반·죽·국수,경기도,고양시,실험군,0.8454139332926321,84.54139332926322,95.71935486534977,100.0,96.24685202924383,69.01664199670587,50.0,89.86,A,2.437104,4.181818,0.963,73.22,138,2294400.0,27,0,,,98.8792,98.8792,94.3696,A,10,10,10,10,0,category_balanced,백반·죽·국수 카테고리 내부 보정 점수 상위 후보
ba_14766686,2025-09,굽네치킨 운정2호점,굽네치킨,피자,경기도,파주시,실험군,0.9941542016371898,99.41542016371898,100.0,100.0,87.21410866367204,0.0,50.0,87.88,A,40.43611,203.0,0.8881,212.33,1186,33335220.0,143,0,,,100.0000,100.0000,93.9400,A,20,13,1,1,7,category_balanced,피자 카테고리 내부 보정 점수 상위 후보
ba_14758255,2025-09,굽네치킨&피자 대구송현점,굽네치킨,치킨,대구광역시,달서구,실험군,0.7634528086941503,76.34528086941503,100.0,100.0,91.94374121196985,66.48066239645664,50.0,87.16,A,3.125269,13.0,1.0,297.31,290,7356500.0,13,0,,,99.7732,100.0000,93.5233,A,25,16,2,1,9,category_balanced,치킨 카테고리 내부 보정 점수 상위 후보
ba_14757543,2025-09,굽네치킨&피자 동두천중앙점,굽네치킨,치킨,경기도,동두천시,실험군,0.8051729913131777,80.51729913131777,100.0,100.0,88.5379077509143,33.734680816567135,50.0,84.84,A,3.225875,3.807692,0.9219,241.5,518,15041200.0,64,0,,,99.5465,99.6753,92.2255,A,36,26,3,2,10,category_balanced,치킨 카테고리 내부 보정 점수 상위 후보
ba_14335138,2025-09,굽네치킨&피자 대전비래가양점,굽네치킨,치킨,대전광역시,동구,실험군,0.6484906269160196,64.84906269160196,100.0,100.0,98.50696713319489,70.44596268615845,50.0,84.52,A,6.248925,26.0,1.0,78.06,164,5075700.0,9,0,,,99.3197,99.3506,91.9276,A,40,28,4,3,12,category_balanced,치킨 카테고리 내부 보정 점수 상위 후보
ba_14757711,2025-09,굽네치킨&피자 칠금문화점,굽네치킨,치킨,충청북도,충주시,실험군,0.7392534324260336,73.92534324260336,100.0,100.0,70.89437429225353,69.05523868770729,50.0,83.41,A,3.425343,3.3,0.6,131.93,395,11473400.0,10,0,,,99.0930,99.0260,91.2347,A,55,32,5,4,23,category_balanced,치킨 카테고리 내부 보정 점수 상위 후보
ba_14459736,2025-09,굽네치킨,굽네치킨,치킨,경기도,남양주시,실험군,0.6469352119347559,64.69352119347559,100.0,100.0,72.45610684020923,90.25723401890403,50.0,82.54,A,2.765138,8.0,0.6667,224.59,160,5232200.0,3,0,,,98.8662,98.7013,90.6619,A,66,38,6,5,28,category_balanced,치킨 카테고리 내부 보정 점수 상위 후보
ba_14732026,2025-09,굽네치킨 부산전포점,굽네치킨,치킨,부산광역시,부산진구,실험군,0.9921082611345028,99.21082611345028,66.43545485921413,100.0,86.14774667209485,0.0,50.0,79.25,B,1.11624,3.175439,1.0,490.93,2969,66133700.0,460,0,,,98.6395,98.3766,88.8790,A,93,56,7,6,37,category_balanced,치킨 카테고리 내부 보정 점수 상위 후보
ba_14739745,2025-09,굽네치킨 감정점,굽네치킨,치킨,경기도,김포시,실험군,0.8536560885457133,85.36560885457133,59.638629175055115,100.0,93.59554876651123,49.449478650520305,50.0,78.77,B,0.809666,3.458333,1.0,242.13,626,17293000.0,53,0,,,98.4127,98.0519,88.5012,A,100,59,8,7,41,category_balanced,치킨 카테고리 내부 보정 점수 상위 후보
ba_14744959,2025-09,굽네치킨 부산수정점,굽네치킨,치킨,부산광역시,동구,실험군,0.8469839174384315,84.69839174384315,61.60131806637411,100.0,96.7521835368336,36.22360288893532,50.0,78.18,B,0.898194,3.727273,1.0,136.68,685,17346200.0,74,0,,,98.1859,97.7273,88.0683,A,113,63,9,8,50,category_balanced,치킨 카테고리 내부 보정 점수 상위 후보
ba_14739746,2025-09,굽네피자 감정점,굽네치킨,피자,경기도,김포시,실험군,0.7578347140008754,75.78347140008755,51.50360651954223,100.0,92.52657363471215,92.26172365172613,50.0,77.51,B,0.442732,3.0,1.0,277.84,77,2219900.0,4,0,,,97.9592,99.2424,88.0554,A,121,65,10,2,56,category_balanced,피자 카테고리 내부 보정 점수 상위 후보
ba_10841883,2025-09,굽네치킨 선부3동점,굽네치킨,치킨,경기도,안산시,실험군,0.9795067283997516,97.95067283997516,52.24435928970252,100.0,97.01980150598185,0.0,50.0,76.9,B,0.476144,4.114583,1.0,127.74,1640,42143300.0,233,0,,,97.7324,97.4026,87.2338,A,129,73,11,9,56,category_balanced,치킨 카테고리 내부 보정 점수 상위 후보
ba_13973813,2025-09,굽네피자 선부3동점,굽네치킨,피자,경기도,안산시,실험군,0.7765005678022825,77.65005678022825,59.94398018377707,66.16542105263159,97.01411387576505,85.12929582999439,50.0,75.15,B,0.823439,1.714286,1.0,127.93,66,1723900.0,14,0,,,97.5057,98.4848,86.5726,A,153,79,12,3,74,category_balanced,피자 카테고리 내부 보정 점수 상위 후보
ba_13539851,2025-09,굽네치킨 소답점,굽네치킨,치킨,경상남도,창원시,실험군,0.6360729890799302,63.60729890799301,66.50604497115566,100.0,85.50384590370885,76.7683948962206,50.0,74.39,B,1.119424,3.5,0.8571,202.15,144,3869600.0,7,0,,,97.2789,97.0779,85.7842,A,164,86,13,10,78,category_balanced,치킨 카테고리 내부 보정 점수 상위 후보
ba_13472981,2025-09,굽네피자,굽네치킨,피자,경상북도,상주시,실험군,0.6723490590054128,67.23490590054128,44.14997472313086,100.0,94.11372181415732,95.72210094906141,50.0,73.26,B,0.111043,3.0,1.0,224.82,17,522100.0,2,0,,,97.0522,97.7273,85.3249,A,184,91,14,4,93,category_balanced,피자 카테고리 내부 보정 점수 상위 후보
ba_13973745,2025-09,굽네피자 가산점,굽네치킨,피자,서울특별시,금천구,실험군,0.928193984522928,92.8193984522928,40.271664405207645,34.21052631578947,81.89429731680698,98.48256296592429,100.0,72.84,B,-0.06389,0.5,1.0,633.02,4,122700.0,1,1,17078.26,1.7961,96.8254,96.9697,84.8688,A,195,96,15,5,99,category_balanced,피자 카테고리 내부 보정 점수 상위 후보
ba_14392310,2025-09,굽네피자 등촌2동점,굽네치킨,피자,서울특별시,강서구,실험군,0.9058733378302776,90.58733378302776,40.745797613116416,35.672526315789476,93.23782676077057,93.27607673978574,89.25786163522014,72.43,B,-0.042504,0.555556,1.0,254.08,41,1055100.0,6,1,15989.55,1.6094,96.3719,96.2121,84.3610,A,204,102,17,6,102,category_balanced,피자 카테고리 내부 보정 점수 상위 후보
ba_13984579,2025-09,굽네피자 암사3동점,굽네치킨,피자,서울특별시,강동구,실험군,0.9096149239409947,90.96149239409948,38.054638276390776,50.0,97.20090762604302,83.55354701293683,64.25157232704403,71.03,B,-0.16389,,1.0,121.69,156,3400000.0,5,1,16622.66,1.3112,96.1451,95.4545,83.4149,A,219,113,18,7,106,category_balanced,피자 카테고리 내부 보정 점수 상위 후보
ba_12015187,2025-09,굽네피자 길음1동점,굽네치킨,피자,서울특별시,성북구,실험군,0.8345587848727491,83.45587848727492,38.054638276390776,50.0,50.0,99.03247179889406,100.0,67.26,B,-0.16389,,,,1,35700.0,0,1,16066.88,2.222,93.4240,94.6970,80.6603,A,271,152,30,8,119,category_balanced,피자 카테고리 내부 보정 점수 상위 후보
ba_14332093,2025-09,굽네피자 금당왕지점,굽네치킨,피자,전라남도,순천시,실험군,0.7001036872391332,70.01036872391332,53.31059366583442,47.36842105263158,85.80768625492215,89.75262396065862,50.0,66.78,B,0.524237,1.0,1.0,502.29,56,1807800.0,2,0,,,92.2902,93.9394,79.9474,B,286,162,35,9,124,category_balanced,피자 카테고리 내부 보정 점수 상위 후보
ba_13977167,2025-09,굽네피자 연신내점,굽네치킨,피자,서울특별시,은평구,통제군,0.5035700204331223,50.35700204331223,80.3907253594035,50.0,50.0,98.96144352709734,100.0,66.36,B,1.745699,,,,2,79000.0,0,1,14889.29,2.6529,91.8367,93.1818,79.4346,B,295,171,37,10,124,category_balanced,피자 카테고리 내부 보정 점수 상위 후보
