predicted_priority_rank,platform_shop_id,year_month,shop_name,brand,category,sido,sigungu,predictive_rank_score,decision_band,explanation_index,signal_decomposition_index,action_band,risk_flag,top_positive_signal,top_negative_signal,model_probability_raw,probability_band,probability_score,growth_alpha_score,review_growth_score,operation_score,stability_score,market_fit_score,ranking_basis,score_role
1,ba_14692232,2025-09,본죽 아산용화점,본그룹,백반·죽·국수,충청남도,아산시,0.4698795180722891,Priority Review,93.25,93.25,Immediate Review,none,growth_alpha,market_fit,0.4698795180722891,2,89.94487013446492,100.0,89.47368421052633,96.57227481260756,88.62840235373629,50.0,calibrated_model_probability,composite_is_explanation_index_not_predictive_rank
2,ba_14689004,2025-09,본죽&비빔밥 산본학원가점,본그룹,백반·죽·국수,경기도,군포시,0.4698795180722891,Priority Review,93.24,93.24,Immediate Review,none,growth_alpha,market_fit,0.4698795180722891,2,91.42373510323448,100.0,100.0,96.30495619241808,67.94166104656522,50.0,calibrated_model_probability,composite_is_explanation_index_not_predictive_rank
3,ba_14692455,2025-09,본죽&비빔밥 천안신불당북부점,본그룹,백반·죽·국수,충청남도,천안시,0.4698795180722891,Priority Review,91.55,91.55,Immediate Review,none,review_growth,market_fit,0.4698795180722891,2,92.25104470505164,92.554882620383,100.0,97.26826114176824,65.34009033556018,50.0,calibrated_model_probability,composite_is_explanation_index_not_predictive_rank
4,ba_14692155,2025-09,본죽&비빔밥 해운대백병원점,본그룹,백반·죽·국수,부산광역시,해운대구,0.4698795180722891,Priority Review,91.45,91.45,Immediate Review,stability_risk,growth_alpha,stability,0.4698795180722891,2,93.8372851859358,100.0,100.0,97.50145398065692,39.81134886180272,50.0,calibrated_model_probability,composite_is_explanation_index_not_predictive_rank
5,ba_14756888,2025-09,본죽&비빔밥 창원대원점,본그룹,백반·죽·국수,경상남도,창원시,0.4698795180722891,Priority Review,91.34,91.34,Immediate Review,none,growth_alpha,stability,0.4698795180722891,2,92.01592271167377,100.0,100.0,98.21001296608632,44.0054451187881,50.0,calibrated_model_probability,composite_is_explanation_index_not_predictive_rank
6,ba_14691001,2025-09,본죽&비빔밥 광주연제점,본그룹,백반·죽·국수,광주광역시,북구,0.4698795180722891,Priority Review,89.88,89.88,Immediate Review,none,growth_alpha,market_fit,0.4698795180722891,2,89.68710138745969,100.0,73.68421052631578,91.8440580086965,86.59039383870022,50.0,calibrated_model_probability,composite_is_explanation_index_not_predictive_rank
7,ba_13235557,2025-09,본죽 도봉동점,본그룹,백반·죽·국수,서울특별시,도봉구,0.4698795180722891,Priority Review,88.61,88.61,Immediate Review,none,review_growth,market_fit,0.4698795180722891,2,92.6272824351325,86.32996099641358,100.0,96.98208353717573,96.3794530681316,47.36901257594454,calibrated_model_probability,composite_is_explanation_index_not_predictive_rank
8,ba_14689003,2025-09,본죽&비빔밥 구리인창점,본그룹,백반·죽·국수,경기도,구리시,0.4698795180722891,Priority Review,88.53,88.53,Immediate Review,none,operation,market_fit,0.4698795180722891,2,92.47861703138344,93.33070874390118,69.63563157894738,97.69303731427536,77.26229303085596,50.0,calibrated_model_probability,composite_is_explanation_index_not_predictive_rank
9,ba_14746052,2025-09,본죽&비빔밥 포항두호점,본그룹,백반·죽·국수,경상북도,포항시,0.4698795180722891,Priority Review,87.99,87.99,Immediate Review,none,growth_alpha,market_fit,0.4698795180722891,2,93.38534963871189,94.31928069474064,73.68421052631578,89.73499030109375,72.12301300968483,50.0,calibrated_model_probability,composite_is_explanation_index_not_predictive_rank
10,ba_14689953,2025-09,본죽&비빔밥 양주고읍점,본그룹,백반·죽·국수,경기도,양주시,0.4698795180722891,Priority Review,87.77,87.77,Immediate Review,none,operation,market_fit,0.4698795180722891,2,91.4218541983808,92.48642085352516,66.37426315789475,96.87222246930388,81.66086344523086,50.0,calibrated_model_probability,composite_is_explanation_index_not_predictive_rank
11,ba_14690155,2025-09,본죽&비빔밥 김포걸포점,본그룹,백반·죽·국수,경기도,김포시,0.4698795180722891,Priority Review,87.52,87.52,Immediate Review,none,growth_alpha,market_fit,0.4698795180722891,2,88.94908879731753,100.0,86.8421052631579,73.50611321206564,73.35956107509405,50.0,calibrated_model_probability,composite_is_explanation_index_not_predictive_rank
12,ba_14691298,2025-09,본죽&비빔밥 대전전민동점,본그룹,백반·죽·국수,대전광역시,유성구,0.4698795180722891,Priority Review,87.51,87.51,Immediate Review,none,review_growth,market_fit,0.4698795180722891,2,93.62851931331632,76.74243150234503,100.0,97.2464086677774,59.70400148827807,50.0,calibrated_model_probability,composite_is_explanation_index_not_predictive_rank
13,ba_14688860,2025-09,본죽&비빔밥 수색DMC점,본그룹,백반·죽·국수,서울특별시,은평구,0.4698795180722891,Priority Review,87.02,87.02,Immediate Review,none,growth_alpha,stability,0.4698795180722891,2,92.51015523156812,100.0,73.68421052631578,96.92221374541997,55.07079291173208,73.87608226592829,calibrated_model_probability,composite_is_explanation_index_not_predictive_rank
14,ba_14691173,2025-09,본죽&비빔밥 대구복현동점,본그룹,백반·죽·국수,대구광역시,북구,0.4698795180722891,Priority Review,85.58,85.58,Immediate Review,none,growth_alpha,market_fit,0.4698795180722891,2,89.7452238161386,100.0,69.29823684210528,81.76241100783096,65.0860572738845,50.0,calibrated_model_probability,composite_is_explanation_index_not_predictive_rank
15,ba_14691999,2025-09,본죽&비빔밥 부산동래점,본그룹,백반·죽·국수,부산광역시,동래구,0.4698795180722891,Priority Review,85.15,85.15,Immediate Review,none,growth_alpha,review_growth,0.4698795180722891,2,89.23847434433524,100.0,47.36842105263158,97.50923705358515,71.89447899445645,50.0,calibrated_model_probability,composite_is_explanation_index_not_predictive_rank
16,ba_14742705,2025-09,본죽&비빔밥 청주개신점,본그룹,백반·죽·국수,충청북도,청주시,0.4698795180722891,Priority Review,84.79,84.79,Immediate Review,none,growth_alpha,review_growth,0.4698795180722891,2,92.78079544336669,100.0,43.85965789473684,92.67216348558506,68.40849670751528,50.0,calibrated_model_probability,composite_is_explanation_index_not_predictive_rank
17,ba_14690712,2025-09,본죽&비빔밥 광주운남점,본그룹,백반·죽·국수,광주광역시,광산구,0.4698795180722891,Priority Review,84.69,84.69,Immediate Review,none,growth_alpha,review_growth,0.4698795180722891,2,89.35757950140672,100.0,41.82826315789474,96.14450515051266,77.14374873454618,50.0,calibrated_model_probability,composite_is_explanation_index_not_predictive_rank
18,ba_14692118,2025-09,본죽&비빔밥 여수소호점,본그룹,백반·죽·국수,전라남도,여수시,0.4698795180722891,Priority Review,84.37,84.37,Immediate Review,none,review_growth,market_fit,0.4698795180722891,2,89.77437426196367,59.62940634635924,100.0,97.80140163735328,83.74820731372408,50.0,calibrated_model_probability,composite_is_explanation_index_not_predictive_rank
19,ba_14688602,2025-09,본죽&비빔밥 남양주덕소점,본그룹,백반·죽·국수,경기도,남양주시,0.4698795180722891,Priority Review,84.26,84.26,Immediate Review,none,operation,market_fit,0.4698795180722891,2,91.18931987567024,83.8137250212516,56.65634210526317,96.63453939603352,84.01652653813363,50.0,calibrated_model_probability,composite_is_explanation_index_not_predictive_rank
20,ba_14688687,2025-09,본죽&비빔밥 신길점,본그룹,백반·죽·국수,서울특별시,영등포구,0.4698795180722891,Priority Review,83.92,83.92,Immediate Review,stability_risk,operation,stability,0.4698795180722891,2,94.3446990095728,95.435176456158,81.25000000000001,97.86516296557316,30.369324240993624,58.14220553764413,calibrated_model_probability,composite_is_explanation_index_not_predictive_rank
21,ba_14689382,2025-09,본죽&비빔밥 수원권선시장점,본그룹,백반·죽·국수,경기도,수원시,0.4698795180722891,Priority Review,83.79,83.79,Immediate Review,none,operation,review_growth,0.4698795180722891,2,94.30651593102004,92.47303001570708,40.789473684210535,95.64908262373376,71.94689537308648,50.0,calibrated_model_probability,composite_is_explanation_index_not_predictive_rank
22,ba_14727030,2025-09,본죽&비빔밥 부산명장역점,본그룹,백반·죽·국수,부산광역시,동래구,0.4698795180722891,Priority Review,82.94,82.94,Immediate Review,none,growth_alpha,review_growth,0.4698795180722891,2,90.72929272831963,100.0,31.46928947368421,94.25561322061849,73.24053614913053,50.0,calibrated_model_probability,composite_is_explanation_index_not_predictive_rank
23,ba_14703930,2025-09,본죽 중화역점,본그룹,백반·죽·국수,서울특별시,중랑구,0.4698795180722891,Priority Review,82.37,82.37,Immediate Review,none,operation,review_growth,0.4698795180722891,2,90.06745735881287,93.33527581772655,48.75347368421053,97.29819603764612,77.06131076816465,63.4275987891436,calibrated_model_probability,composite_is_explanation_index_not_predictive_rank
24,ba_13222170,2025-09,본죽&비빔밥 전북김제점,본그룹,백반·죽·국수,전북특별자치도,김제시,0.4698795180722891,Priority Review,82.34,82.34,Immediate Review,none,operation,market_fit,0.4698795180722891,2,92.09311662636505,62.1166436197563,78.26086842105265,97.1009250738109,82.73176870895009,50.0,calibrated_model_probability,composite_is_explanation_index_not_predictive_rank
25,ba_14688094,2025-09,본죽 군포지샘병원점,본그룹,백반·죽·국수,경기도,군포시,0.4698795180722891,Priority Review,81.84,81.84,Immediate Review,none,operation,review_growth,0.4698795180722891,2,89.77820083419577,81.66416299753462,40.789473684210535,99.43015932206868,89.68279493828717,50.0,calibrated_model_probability,composite_is_explanation_index_not_predictive_rank
26,ba_14694148,2025-09,본죽 통영점,본그룹,백반·죽·국수,경상남도,통영시,0.4698795180722891,Priority Review,81.8,81.8,Immediate Review,none,operation,market_fit,0.4698795180722891,2,93.57532771446986,73.75940067576066,51.7543947368421,98.2881430443276,80.99744487256629,50.0,calibrated_model_probability,composite_is_explanation_index_not_predictive_rank
27,ba_14687119,2025-09,본죽 성균관대점,본그룹,백반·죽·국수,서울특별시,종로구,0.4698795180722891,Priority Review,81.52,81.52,Immediate Review,none,operation,review_growth,0.4698795180722891,2,91.75815986857164,90.18796335499682,45.234710526315794,99.519065962826,75.38920372767348,59.99391177685112,calibrated_model_probability,composite_is_explanation_index_not_predictive_rank
28,ba_14691077,2025-09,본죽&비빔밥 대구파티마병원점,본그룹,백반·죽·국수,대구광역시,동구,0.4698795180722891,Priority Review,81.21,81.21,Immediate Review,none,growth_alpha,review_growth,0.4698795180722891,2,91.16877563872488,95.85042545008542,47.36842105263158,67.9757219441603,80.36690452424635,50.0,calibrated_model_probability,composite_is_explanation_index_not_predictive_rank
29,ba_14691112,2025-09,본죽 대구방촌점,본그룹,백반·죽·국수,대구광역시,동구,0.4698795180722891,Priority Review,81.15,81.15,Immediate Review,none,operation,market_fit,0.4698795180722891,2,89.13199562359424,78.20943769178317,53.21636842105264,96.72913366700764,79.1251275268211,50.0,calibrated_model_probability,composite_is_explanation_index_not_predictive_rank
30,ba_14690081,2025-09,본죽 신곡시장점,본그룹,백반·죽·국수,서울특별시,양천구,0.4698795180722891,Priority Review,80.99,80.99,Immediate Review,stability_risk,operation,stability,0.4698795180722891,2,92.70827646598552,90.68087477421668,65.46052631578947,97.67597442362496,36.96701104410703,60.32837989126094,calibrated_model_probability,composite_is_explanation_index_not_predictive_rank
31,ba_14687318,2025-09,본죽&비빔밥 독산정훈단지점,본그룹,백반·죽·국수,서울특별시,금천구,0.4698795180722891,Priority Review,80.97,80.97,Immediate Review,none,operation,stability,0.4698795180722891,2,93.98379218779512,80.41500179551404,70.39473684210526,95.74487429054297,49.12671571929667,64.224720928706,calibrated_model_probability,composite_is_explanation_index_not_predictive_rank
32,ba_14689890,2025-09,본죽&비빔밥 구월아시아드점,본그룹,백반·죽·국수,인천광역시,남동구,0.4698795180722891,Priority Review,80.56,80.56,Immediate Review,none,operation,review_growth,0.4698795180722891,2,92.4349145183362,89.48172968166222,26.435394736842103,95.98794564507136,74.75979173768536,50.0,calibrated_model_probability,composite_is_explanation_index_not_predictive_rank
33,ba_14690723,2025-09,본죽&비빔밥 광주첨단월계점,본그룹,백반·죽·국수,광주광역시,광산구,0.4698795180722891,Priority Review,80.51,80.51,Immediate Review,none,operation,review_growth,0.4698795180722891,2,91.74629761993744,82.08810273388698,31.941921052631585,96.98148483925816,85.33599906407036,50.0,calibrated_model_probability,composite_is_explanation_index_not_predictive_rank
34,ba_14691106,2025-09,본죽&비빔밥 대구동구청점,본그룹,백반·죽·국수,대구광역시,동구,0.4698795180722891,Priority Review,80.29,80.29,Immediate Review,none,operation,review_growth,0.4698795180722891,2,92.28599301396424,75.8336503218817,42.275052631578944,97.6274798923028,80.44257668301297,50.0,calibrated_model_probability,composite_is_explanation_index_not_predictive_rank
35,ba_14689115,2025-09,본죽&비빔밥 양주덕정점,본그룹,백반·죽·국수,경기도,양주시,0.4698795180722891,Priority Review,80.12,80.12,Immediate Review,none,operation,review_growth,0.4698795180722891,2,91.79176543124208,95.72168274278502,17.956657894736843,100.0,63.68138133434105,50.0,calibrated_model_probability,composite_is_explanation_index_not_predictive_rank
36,ba_14691965,2025-09,본죽&비빔밥 나주혁신호수공원점,본그룹,백반·죽·국수,전라남도,나주시,0.4698795180722891,Priority Review,79.21,79.21,Immediate Review,none,operation,market_fit,0.4698795180722891,2,93.59167181473867,54.77540499940502,64.91228947368421,98.5689323676621,82.36942775616475,50.0,calibrated_model_probability,composite_is_explanation_index_not_predictive_rank
37,ba_14689734,2025-09,본죽&비빔밥 송도신도시점,본그룹,백반·죽·국수,인천광역시,연수구,0.4698795180722891,Priority Review,79.2,79.2,Immediate Review,none,operation,review_growth,0.4698795180722891,2,93.34581730624024,78.07304624433836,28.79257894736842,95.16593340426478,84.21801757224387,50.0,calibrated_model_probability,composite_is_explanation_index_not_predictive_rank
38,ba_14687368,2025-09,본죽&비빔밥 장안동점,본그룹,백반·죽·국수,서울특별시,동대문구,0.4698795180722891,Priority Review,79.06,79.06,Immediate Review,none,operation,review_growth,0.4698795180722891,2,91.05671379387287,84.30894214764541,46.67589473684211,95.43415007133058,64.22169289245988,64.42091239353314,calibrated_model_probability,composite_is_explanation_index_not_predictive_rank
39,ba_14691209,2025-09,본죽&비빔밥 대구두산점,본그룹,백반·죽·국수,대구광역시,수성구,0.4698795180722891,Priority Review,78.88,78.88,Immediate Review,none,operation,market_fit,0.4698795180722891,2,93.86611719379864,63.85421567795524,59.06431578947369,98.58060697705449,64.18336348524467,50.0,calibrated_model_probability,composite_is_explanation_index_not_predictive_rank
40,ba_14692505,2025-09,본죽&비빔밥 울산남목점,본그룹,백반·죽·국수,울산광역시,동구,0.4698795180722891,Priority Review,78.87,78.87,Immediate Review,none,operation,review_growth,0.4698795180722891,2,94.24270909535964,69.3546353332886,43.31984210526316,97.37213523046448,74.38276657406611,50.0,calibrated_model_probability,composite_is_explanation_index_not_predictive_rank
41,ba_14691245,2025-09,본죽&비빔밥 대구동성로점,본그룹,백반·죽·국수,대구광역시,중구,0.4698795180722891,Priority Review,78.83,78.83,Immediate Review,none,operation,market_fit,0.4698795180722891,2,92.42943362497086,63.856077979903446,52.850868421052645,96.75876921392674,80.77199424913367,50.0,calibrated_model_probability,composite_is_explanation_index_not_predictive_rank
42,ba_14691130,2025-09,본죽 부산진역점,본그룹,백반·죽·국수,부산광역시,동구,0.4698795180722891,Priority Review,78.58,78.58,Immediate Review,none,operation,market_fit,0.4698795180722891,2,92.9420878569634,62.97157323555066,50.99818421052632,99.07513145695704,77.94844266237003,50.0,calibrated_model_probability,composite_is_explanation_index_not_predictive_rank
43,ba_14692060,2025-09,본죽&비빔밥 돌곶이역점,본그룹,백반·죽·국수,서울특별시,성북구,0.4698795180722891,Priority Review,78.04,78.04,Immediate Review,none,operation,review_growth,0.4698795180722891,2,91.67821126965512,79.05882474225548,52.850868421052645,92.28514447436034,57.647165845743785,65.91649456475639,calibrated_model_probability,composite_is_explanation_index_not_predictive_rank
44,ba_14687326,2025-09,본죽&비빔밥 개봉점,본그룹,백반·죽·국수,서울특별시,구로구,0.4698795180722891,Priority Review,77.84,77.84,Immediate Review,none,operation,stability,0.4698795180722891,2,92.90410772545468,70.52061371495596,66.16542105263159,97.40296817321872,45.28519476929497,65.53632359625729,calibrated_model_probability,composite_is_explanation_index_not_predictive_rank
45,ba_14687382,2025-09,본죽&비빔밥 노량진점,본그룹,백반·죽·국수,서울특별시,동작구,0.4698795180722891,Priority Review,77.81,77.81,Immediate Review,stability_risk,operation,stability,0.4698795180722891,2,90.7044409785318,91.21841492940962,52.47447368421053,97.74272924143264,36.0510644758559,51.94687927239535,calibrated_model_probability,composite_is_explanation_index_not_predictive_rank
46,ba_14691361,2025-09,본죽&비빔밥 경산옥곡점,본그룹,백반·죽·국수,경상북도,경산시,0.4698795180722891,Priority Review,77.75,77.75,Immediate Review,none,operation,market_fit,0.4698795180722891,2,92.10480344276674,60.68681695849845,65.94426315789474,97.69902429345092,58.0007349529166,50.0,calibrated_model_probability,composite_is_explanation_index_not_predictive_rank
47,ba_14691116,2025-09,본죽&비빔밥 대구칠곡관음점,본그룹,백반·죽·국수,대구광역시,북구,0.4698795180722891,Priority Review,77.5,77.5,Immediate Review,none,operation,market_fit,0.4698795180722891,2,91.09849192935596,52.35228412165333,70.52631578947368,96.62974981269308,74.53451510964503,50.0,calibrated_model_probability,composite_is_explanation_index_not_predictive_rank
48,ba_14694620,2025-09,본죽&비빔밥 경산신대부적점,본그룹,백반·죽·국수,경상북도,경산시,0.4698795180722891,Priority Review,77.08,77.08,Immediate Review,none,operation,market_fit,0.4698795180722891,2,93.32519233172052,50.229902838275656,62.40602631578948,97.48229564729508,78.76469658784981,50.0,calibrated_model_probability,composite_is_explanation_index_not_predictive_rank
49,ba_14692194,2025-09,본죽&비빔밥 익산영등제일점,본그룹,백반·죽·국수,전북특별자치도,익산시,0.4698795180722891,Priority Review,77.0,77.0,Immediate Review,none,model_probability,review_growth,0.4698795180722891,2,92.30642411603192,89.41643826216855,42.98244736842105,55.0900732464138,76.29280977251531,50.0,calibrated_model_probability,composite_is_explanation_index_not_predictive_rank
50,ba_14691975,2025-09,본죽&비빔밥 백양산롯데캐슬점,본그룹,백반·죽·국수,부산광역시,부산진구,0.4698795180722891,Priority Review,76.99,76.99,Immediate Review,none,operation,market_fit,0.4698795180722891,2,91.87898337611932,66.73475338660441,52.429157894736846,97.50774030879128,56.57149197608651,50.0,calibrated_model_probability,composite_is_explanation_index_not_predictive_rank
51,ba_14688746,2025-09,본죽&비빔밥 광명소하지구점,본그룹,백반·죽·국수,경기도,광명시,0.4698795180722891,Priority Review,76.84,76.84,Secondary Review,none,growth_alpha,review_growth,0.4698795180722891,2,92.38282896859845,100.0,41.426157894736846,46.9109660675126,62.60025689819677,50.0,calibrated_model_probability,composite_is_explanation_index_not_predictive_rank
52,ba_14691801,2025-09,본죽 부산구남점,본그룹,백반·죽·국수,부산광역시,북구,0.4698795180722891,Priority Review,76.65,76.65,Secondary Review,none,operation,review_growth,0.4698795180722891,2,91.05594049508836,72.00912505784362,21.92981578947369,99.52924382742448,85.55622836224671,50.0,calibrated_model_probability,composite_is_explanation_index_not_predictive_rank
53,ba_14688924,2025-09,본죽&비빔밥 서대문역점,본그룹,백반·죽·국수,서울특별시,종로구,0.4698795180722891,Priority Review,76.42,76.42,Secondary Review,stability_risk,operation,stability,0.4698795180722891,2,90.71876687417112,82.85133614899347,44.272447368421055,95.50778991519016,39.74512437776362,67.53264836803109,calibrated_model_probability,composite_is_explanation_index_not_predictive_rank
54,ba_14688931,2025-09,본죽&비빔밥 고양덕은점,본그룹,백반·죽·국수,경기도,고양시,0.4698795180722891,Priority Review,75.93,75.93,Secondary Review,none,operation,review_growth,0.4698795180722891,2,92.91571572734712,54.51202229530158,41.88597368421053,97.02459108932231,89.46829547835728,50.0,calibrated_model_probability,composite_is_explanation_index_not_predictive_rank
55,ba_14691059,2025-09,본죽 대구세천점,본그룹,백반·죽·국수,대구광역시,달성군,0.4698795180722891,Priority Review,75.85,75.85,Secondary Review,none,operation,review_growth,0.4698795180722891,2,89.05193714228066,57.07069215056912,44.97607894736842,98.04357494500532,89.6096328537749,50.0,calibrated_model_probability,composite_is_explanation_index_not_predictive_rank
56,ba_14691998,2025-09,본죽&비빔밥 부산엄궁점,본그룹,백반·죽·국수,부산광역시,사상구,0.4698795180722891,Priority Review,75.72,75.72,Secondary Review,none,operation,review_growth,0.4698795180722891,2,91.61333725026664,53.77213416533152,48.42105263157895,97.36315476170113,83.44949717147506,50.0,calibrated_model_probability,composite_is_explanation_index_not_predictive_rank
57,ba_14690665,2025-09,본죽&비빔밥 장유신문점,본그룹,백반·죽·국수,경상남도,김해시,0.4698795180722891,Priority Review,75.26,75.26,Secondary Review,none,operation,review_growth,0.4698795180722891,2,92.7692519468119,63.733653797070176,31.57894736842105,95.7329003321918,77.56791469507584,50.0,calibrated_model_probability,composite_is_explanation_index_not_predictive_rank
58,ba_14692216,2025-09,본죽&비빔밥 조치원죽림점,본그룹,백반·죽·국수,세종특별자치시,조치원읍,0.4698795180722891,Priority Review,75.24,75.24,Secondary Review,none,review_growth,growth_alpha,0.4698795180722891,2,93.3551854768904,31.09532674725077,100.0,96.62466088039383,52.94824455466919,50.0,calibrated_model_probability,composite_is_explanation_index_not_predictive_rank
59,ba_14640352,2025-09,본죽&비빔밥 광주삼각점,본그룹,백반·죽·국수,광주광역시,북구,0.4698795180722891,Priority Review,75.1,75.1,Secondary Review,none,operation,review_growth,0.4698795180722891,2,93.08810219317286,59.56642063403955,32.33081578947369,98.17049890352752,80.56716638449892,50.0,calibrated_model_probability,composite_is_explanation_index_not_predictive_rank
60,ba_14692439,2025-09,본죽&비빔밥 청주오송파라곤점,본그룹,백반·죽·국수,충청북도,청주시,0.4698795180722891,Priority Review,74.48,74.48,Secondary Review,none,operation,review_growth,0.4698795180722891,2,94.52153122210164,54.171132357734685,44.44444736842106,95.27639317005416,68.96715730214564,50.0,calibrated_model_probability,composite_is_explanation_index_not_predictive_rank
61,ba_14736683,2025-09,본죽&비빔밥 신림녹두거리점,본그룹,백반·죽·국수,서울특별시,관악구,0.4698795180722891,Priority Review,74.33,74.33,Secondary Review,none,operation,stability,0.4698795180722891,2,90.84212154635804,56.0191123171487,62.44826315789474,98.18097611708478,53.4482093548403,66.17061686357991,calibrated_model_probability,composite_is_explanation_index_not_predictive_rank
62,ba_14691953,2025-09,본죽&비빔밥 순천오천점,본그룹,백반·죽·국수,전라남도,순천시,0.4698795180722891,Priority Review,74.07,74.07,Secondary Review,none,operation,review_growth,0.4698795180722891,2,92.52635585407592,50.86503648365911,39.359263157894745,96.62256543768238,85.6810137700339,50.0,calibrated_model_probability,composite_is_explanation_index_not_predictive_rank
63,ba_13233778,2025-09,본죽&비빔밥 포항효자점,본그룹,백반·죽·국수,경상북도,포항시,0.4698795180722891,Priority Review,73.9,73.9,Secondary Review,none,model_probability,market_fit,0.4698795180722891,2,93.25953368915312,58.39483317626628,50.65789473684211,78.24030280430104,73.25755471242137,50.0,calibrated_model_probability,composite_is_explanation_index_not_predictive_rank
64,ba_14691036,2025-09,본죽&비빔밥 대구다사역점,본그룹,백반·죽·국수,대구광역시,달성군,0.4698795180722891,Priority Review,73.69,73.69,Secondary Review,none,operation,review_growth,0.4698795180722891,2,89.59471164593478,61.430740076022936,23.87218421052632,97.54635632447376,87.64231952853014,50.0,calibrated_model_probability,composite_is_explanation_index_not_predictive_rank
65,ba_14691037,2025-09,본죽&비빔밥 대전학하점,본그룹,백반·죽·국수,대전광역시,유성구,0.4698795180722891,Priority Review,73.56,73.56,Secondary Review,none,operation,review_growth,0.4698795180722891,2,90.66890310153693,56.08961374804508,27.631578947368425,96.70937663572823,91.490052329282,50.0,calibrated_model_probability,composite_is_explanation_index_not_predictive_rank
66,ba_14268780,2025-09,본죽&비빔밥 세종집현점,본그룹,백반·죽·국수,세종특별자치시,남세종로,0.4698795180722891,Priority Review,73.17,73.17,Secondary Review,none,operation,review_growth,0.4698795180722891,2,88.97945958724145,67.60025821703323,9.09092105263158,96.13582403070806,93.44969247149182,50.0,calibrated_model_probability,composite_is_explanation_index_not_predictive_rank
67,ba_14691042,2025-09,본죽 대구서재점,본그룹,백반·죽·국수,대구광역시,달성군,0.4698795180722891,Priority Review,73.1,73.1,Secondary Review,none,operation,review_growth,0.4698795180722891,2,89.4531597564273,47.6034141537276,46.59442105263159,99.0377128371097,80.41558864619213,50.0,calibrated_model_probability,composite_is_explanation_index_not_predictive_rank
68,ba_14689940,2025-09,본죽&비빔밥 안양성원점,본그룹,백반·죽·국수,경기도,안양시,0.4698795180722891,Priority Review,73.07,73.07,Secondary Review,none,operation,review_growth,0.4698795180722891,2,91.37892930864469,61.70405505718348,14.473684210526317,97.1913284593621,89.14356503779959,50.0,calibrated_model_probability,composite_is_explanation_index_not_predictive_rank
69,ba_10798649,2025-09,굽네치킨 암사3동점,굽네치킨,치킨,서울특별시,강동구,0.4698795180722891,Priority Review,73.03,73.03,Secondary Review,stability_risk,operation,stability,0.4698795180722891,2,93.46823053319272,86.69783214196816,27.79118421052632,93.64479395041413,8.601017682752905,69.10800649166382,calibrated_model_probability,composite_is_explanation_index_not_predictive_rank
70,ba_14692246,2025-09,본죽&비빔밥 천안성성점,본그룹,백반·죽·국수,충청남도,천안시,0.4698795180722891,Priority Review,73.02,73.02,Secondary Review,none,operation,review_growth,0.4698795180722891,2,92.88396933802068,46.72447414495816,31.57894736842105,98.02770945019005,93.91808792831218,50.0,calibrated_model_probability,composite_is_explanation_index_not_predictive_rank
71,ba_14691292,2025-09,본죽&비빔밥 대구신매시장점,본그룹,백반·죽·국수,대구광역시,수성구,0.4698795180722891,Priority Review,72.86,72.86,Secondary Review,none,operation,review_growth,0.4698795180722891,2,90.32894795424026,53.61647676082729,41.985657894736846,97.83313262698384,68.64652570489179,50.0,calibrated_model_probability,composite_is_explanation_index_not_predictive_rank
72,ba_14687333,2025-09,본죽&비빔밥 석계역점,본그룹,백반·죽·국수,서울특별시,노원구,0.4698795180722891,Priority Review,72.69,72.69,Secondary Review,stability_risk,operation,review_growth,0.4698795180722891,2,92.07513813086952,74.64290775835548,28.90121052631579,97.05243054248874,38.948402538231726,63.79398630985166,calibrated_model_probability,composite_is_explanation_index_not_predictive_rank
73,ba_14691344,2025-09,본죽&비빔밥 경산사동점,본그룹,백반·죽·국수,경상북도,경산시,0.4698795180722891,Priority Review,72.43,72.43,Secondary Review,none,operation,review_growth,0.4698795180722891,2,93.18286761546054,46.30301747787007,32.60589473684211,96.8141487713008,88.26651435289806,50.0,calibrated_model_probability,composite_is_explanation_index_not_predictive_rank
74,ba_14688907,2025-09,본죽&비빔밥 고양행신역점,본그룹,백반·죽·국수,경기도,고양시,0.4698795180722891,Priority Review,72.37,72.37,Secondary Review,none,operation,review_growth,0.4698795180722891,2,92.79536372158655,43.62431782798838,34.21052631578947,98.31268965894743,91.05989006308896,50.0,calibrated_model_probability,composite_is_explanation_index_not_predictive_rank
75,ba_14687340,2025-09,본죽&비빔밥 방학역점,본그룹,백반·죽·국수,서울특별시,도봉구,0.4698795180722891,Priority Review,71.85,71.85,Secondary Review,none,operation,review_growth,0.4698795180722891,2,89.9262366719693,60.59190606992379,31.6575,97.66100697568602,66.68309667473149,64.31478134829257,calibrated_model_probability,composite_is_explanation_index_not_predictive_rank
76,ba_14692433,2025-09,본죽&비빔밥 충주계룡힐스점,본그룹,백반·죽·국수,충청북도,충주시,0.4698795180722891,Priority Review,71.76,71.76,Secondary Review,none,model_probability,review_growth,0.4698795180722891,2,93.38984833973136,55.78588116839717,39.359263157894745,72.87133926500422,82.92097171547678,50.0,calibrated_model_probability,composite_is_explanation_index_not_predictive_rank
77,ba_14692211,2025-09,본죽&비빔밥 세종해밀점,본그룹,백반·죽·국수,세종특별자치시,해밀3로,0.4698795180722891,Priority Review,70.84,70.84,Secondary Review,none,operation,review_growth,0.4698795180722891,2,92.7551541756192,48.85971417988297,22.69736842105264,93.04893756778117,87.99466737358253,50.0,calibrated_model_probability,composite_is_explanation_index_not_predictive_rank
78,ba_14690660,2025-09,본죽&비빔밥 김해안동푸르지오점,본그룹,백반·죽·국수,경상남도,김해시,0.4698795180722891,Priority Review,69.64,69.64,Secondary Review,none,operation,review_growth,0.4698795180722891,2,91.09241134051184,47.32371413731607,24.93528947368421,91.33253392906629,84.85641896156386,50.0,calibrated_model_probability,composite_is_explanation_index_not_predictive_rank
79,ba_14787776,2025-09,굽네치킨&피자 지제동삭점,굽네치킨,치킨,경기도,평택시,0.4698795180722891,Priority Review,68.29,68.29,Secondary Review,none,operation,growth_alpha,0.4698795180722891,2,90.17443954829696,38.00094190355083,50.0,97.10421791235746,51.67237953001669,50.0,calibrated_model_probability,composite_is_explanation_index_not_predictive_rank
80,ba_14688765,2025-09,본죽&비빔밥 영등포시장역점,본그룹,백반·죽·국수,서울특별시,영등포구,0.4698795180722891,Priority Review,68.23,68.23,Secondary Review,none,model_probability,review_growth,0.4698795180722891,2,89.12627983783392,63.65736592797758,44.30844736842106,53.30240423057055,63.974241721313945,68.97504224801362,calibrated_model_probability,composite_is_explanation_index_not_predictive_rank
81,ba_14688108,2025-09,본죽&비빔밥 중앙대점,본그룹,백반·죽·국수,서울특별시,동작구,0.4698795180722891,Priority Review,68.21,68.21,Secondary Review,none,operation,review_growth,0.4698795180722891,2,89.81817039343711,48.6718877262496,36.17021052631579,98.03459447624196,59.00369153102924,55.413059248557445,calibrated_model_probability,composite_is_explanation_index_not_predictive_rank
82,ba_14690704,2025-09,본죽&비빔밥 김해복음병원점,본그룹,백반·죽·국수,경상남도,김해시,0.4698795180722891,Priority Review,68.2,68.2,Secondary Review,growth_alpha_direction_risk,operation,growth_alpha,0.4698795180722891,2,91.63230599694684,10.03357852349053,73.68421052631578,96.28699525489137,81.22813746021566,50.0,calibrated_model_probability,composite_is_explanation_index_not_predictive_rank
83,ba_13984579,2025-09,굽네피자 암사3동점,굽네치킨,피자,서울특별시,강동구,0.4698795180722891,Priority Review,68.1,68.1,Secondary Review,none,operation,market_fit,0.4698795180722891,2,90.96149239409948,38.054638276390776,50.0,97.20090762604302,83.55354701293683,34.932210965435054,calibrated_model_probability,composite_is_explanation_index_not_predictive_rank
84,ba_10040685,2025-09,굽네치킨 창원팔용점,굽네치킨,치킨,경상남도,창원시,0.4698795180722891,Priority Review,66.66,66.66,Secondary Review,stability_risk,operation,stability,0.4698795180722891,2,93.448552471991,42.59173790849192,51.62539473684211,96.43487364052808,10.918177900631616,50.0,calibrated_model_probability,composite_is_explanation_index_not_predictive_rank
85,ba_14673434,2025-09,굽네치킨 죽도점,굽네치킨,치킨,경상북도,포항시,0.4698795180722891,Priority Review,65.59,65.59,Secondary Review,stability_risk,model_probability,stability,0.4698795180722891,2,88.8878826859102,47.88278161621981,51.66486842105263,84.45404929165483,20.9209171984422,50.0,calibrated_model_probability,composite_is_explanation_index_not_predictive_rank
86,ba_14692549,2025-09,본죽&비빔밥 안양덕천래미안점,본그룹,백반·죽·국수,경기도,안양시,0.4698795180722891,Priority Review,65.52,65.52,Secondary Review,growth_alpha_direction_risk,operation,growth_alpha,0.4698795180722891,2,92.87671468823235,8.259957620437039,63.15789473684211,98.5252274196804,66.94450705310594,50.0,calibrated_model_probability,composite_is_explanation_index_not_predictive_rank
87,ba_13584348,2025-09,굽네치킨 부산개금점,굽네치킨,치킨,부산광역시,부산진구,0.4698795180722891,Priority Review,65.44,65.44,Secondary Review,none,model_probability,review_growth,0.4698795180722891,2,91.64383594476256,53.360521094255375,21.05263157894737,71.88614642269441,60.85412824569961,50.0,calibrated_model_probability,composite_is_explanation_index_not_predictive_rank
88,ba_14360458,2025-09,본죽&비빔밥 충북오송점,본그룹,백반·죽·국수,충청북도,청주시,0.4698795180722891,Priority Review,65.22,65.22,Secondary Review,none,operation,growth_alpha,0.4698795180722891,2,89.50138034594505,25.64501188242867,29.82455263157895,96.26214929131272,85.65858338817266,50.0,calibrated_model_probability,composite_is_explanation_index_not_predictive_rank
89,ba_14689007,2025-09,본죽&비빔밥 김포신곡점,본그룹,백반·죽·국수,경기도,김포시,0.4698795180722891,Priority Review,65.12,65.12,Secondary Review,growth_alpha_direction_risk,operation,growth_alpha,0.4698795180722891,2,92.25977652209886,8.633349161052378,65.37397368421053,96.05080892641487,64.54304453119128,50.0,calibrated_model_probability,composite_is_explanation_index_not_predictive_rank
90,ba_14687327,2025-09,본죽&비빔밥 시흥사거리점,본그룹,백반·죽·국수,서울특별시,금천구,0.4698795180722891,Priority Review,65.09,65.09,Secondary Review,none,operation,review_growth,0.4698795180722891,2,90.39442925908084,27.44266534871854,20.07797368421053,97.90856856459608,79.21229316882417,73.86119291917083,calibrated_model_probability,composite_is_explanation_index_not_predictive_rank
91,ba_14327700,2025-09,본죽&비빔밥 부산전포점,본그룹,백반·죽·국수,부산광역시,부산진구,0.4698795180722891,Priority Review,65.03,65.03,Secondary Review,none,operation,review_growth,0.4698795180722891,2,89.05540461372814,33.24577558141926,24.68239473684211,97.05542403207652,72.84257896050809,50.0,calibrated_model_probability,composite_is_explanation_index_not_predictive_rank
92,ba_14698364,2025-09,본죽&비빔밥 청주사창점,본그룹,백반·죽·국수,충청북도,청주시,0.4698795180722891,Priority Review,64.76,64.76,Secondary Review,growth_alpha_direction_risk,operation,growth_alpha,0.4698795180722891,2,93.48768278932005,9.558491994346364,70.86465789473685,96.72584082846107,45.074560267143816,50.0,calibrated_model_probability,composite_is_explanation_index_not_predictive_rank
93,ba_14392310,2025-09,굽네피자 등촌2동점,굽네치킨,피자,서울특별시,강서구,0.4698795180722891,Priority Review,64.55,64.55,Secondary Review,none,stability,market_fit,0.4698795180722891,2,90.58733378302776,40.745797613116416,35.67252631578948,93.23782676077056,93.27607673978574,10.496871275327782,calibrated_model_probability,composite_is_explanation_index_not_predictive_rank
94,ba_14689625,2025-09,본죽&비빔밥 평택여중사거리점,본그룹,백반·죽·국수,경기도,평택시,0.4698795180722891,Priority Review,64.38,64.38,Secondary Review,growth_alpha_direction_risk,operation,growth_alpha,0.4698795180722891,2,93.13165921810192,21.51557901489437,24.48513157894737,97.92772689795792,80.39401756282858,50.0,calibrated_model_probability,composite_is_explanation_index_not_predictive_rank
95,ba_14250328,2025-09,굽네치킨&피자 인창점,굽네치킨,치킨,경기도,구리시,0.4698795180722891,Priority Review,63.98,63.98,Secondary Review,none,operation,review_growth,0.4698795180722891,2,89.34150892846719,36.42831658933587,27.24457894736842,96.50701673959377,50.428401654197486,50.0,calibrated_model_probability,composite_is_explanation_index_not_predictive_rank
96,ba_13249105,2025-09,굽네피자 창원팔용점,굽네치킨,피자,경상남도,창원시,0.4698795180722891,Priority Review,63.94,63.94,Secondary Review,none,operation,review_growth,0.4698795180722891,2,89.22802198075462,27.76149587630369,14.473684210526317,96.46211439577696,91.25007470828392,50.0,calibrated_model_probability,composite_is_explanation_index_not_predictive_rank
97,ba_10497667,2025-09,굽네치킨 온의퇴계점,굽네치킨,치킨,강원특별자치도,춘천시,0.4698795180722891,Priority Review,63.76,63.76,Secondary Review,stability_risk,operation,stability,0.4698795180722891,2,94.20682102740264,37.62648619039366,31.65205263157896,97.1476235113804,20.646186244733727,50.0,calibrated_model_probability,composite_is_explanation_index_not_predictive_rank
98,ba_14690050,2025-09,본죽&비빔밥 검단파라곤센트럴점,본그룹,백반·죽·국수,인천광역시,서구,0.4698795180722891,Priority Review,63.5,63.5,Secondary Review,growth_alpha_direction_risk,operation,growth_alpha,0.4698795180722891,2,93.48381852310916,6.831217301982294,54.678368421052646,97.89599590832736,61.90651145015525,50.0,calibrated_model_probability,composite_is_explanation_index_not_predictive_rank
99,ba_14691908,2025-09,본죽&비빔밥 부경대경성대점,본그룹,백반·죽·국수,부산광역시,남구,0.4698795180722891,Priority Review,63.49,63.49,Secondary Review,growth_alpha_direction_risk,operation,growth_alpha,0.4698795180722891,2,92.58699320124752,22.472979578362647,38.397131578947366,97.70321517887382,50.49645283886301,50.0,calibrated_model_probability,composite_is_explanation_index_not_predictive_rank
100,ba_14773773,2025-09,굽네치킨 고덕로데오점,굽네치킨,치킨,경기도,평택시,0.4698795180722891,Priority Review,63.38,63.38,Secondary Review,stability_risk,operation,stability,0.4698795180722891,2,92.74375427855048,38.00094190355083,50.0,92.82222324590064,0.0,50.0,calibrated_model_probability,composite_is_explanation_index_not_predictive_rank
101,ba_13236584,2025-09,본죽 군포당동점,본그룹,백반·죽·국수,경기도,군포시,0.4698795180722891,Priority Review,63.2,63.2,Monitor,none,stability,operation,0.4698795180722891,2,90.86658244235775,45.91639029126569,50.0,17.5,97.91289791504964,50.0,calibrated_model_probability,composite_is_explanation_index_not_predictive_rank
102,ba_13973745,2025-09,굽네피자 가산점,굽네치킨,피자,서울특별시,금천구,0.4698795180722891,Priority Review,62.84,62.84,Monitor,none,stability,market_fit,0.4698795180722891,2,92.8193984522928,40.271664405207645,34.21052631578947,81.89429731680698,98.48256296592427,0.0,calibrated_model_probability,composite_is_explanation_index_not_predictive_rank
103,ba_10597203,2025-09,굽네치킨 광주상무점,굽네치킨,치킨,광주광역시,서구,0.4698795180722891,Priority Review,62.61,62.61,Monitor,stability_risk,model_probability,stability,0.4698795180722891,2,93.81013429470435,32.76022468894708,44.4845,85.41779876223482,20.97633948779228,50.0,calibrated_model_probability,composite_is_explanation_index_not_predictive_rank
104,ba_10401021,2025-09,굽네치킨 가산점,굽네치킨,치킨,서울특별시,금천구,0.4698795180722891,Priority Review,62.6,62.6,Monitor,stability_risk,model_probability,stability,0.4698795180722891,2,91.74282227189788,41.93616328220077,44.40789473684211,73.28321373173543,9.224750897226995,75.459338773018,calibrated_model_probability,composite_is_explanation_index_not_predictive_rank
105,ba_14749296,2025-09,굽네치킨&피자 석촌고분점,굽네치킨,치킨,서울특별시,송파구,0.4698795180722891,Priority Review,62.18,62.18,Monitor,none,model_probability,operation,0.4698795180722891,2,89.35651289318105,52.46785769374856,51.19207894736842,34.61806752286171,44.04854551319026,66.82575299822292,calibrated_model_probability,composite_is_explanation_index_not_predictive_rank
106,ba_10774000,2025-09,굽네치킨 울산삼산점,굽네치킨,치킨,울산광역시,남구,0.4698795180722891,Priority Review,62.03,62.03,Monitor,stability_risk,model_probability,review_growth,0.4698795180722891,2,93.14634586595216,43.93197454388429,31.983815789473685,65.78571556546163,37.76291951754975,50.0,calibrated_model_probability,composite_is_explanation_index_not_predictive_rank
107,ba_14743271,2025-09,본죽&비빔밥 안양석수점,본그룹,백반·죽·국수,경기도,안양시,0.4698795180722891,Priority Review,61.29,61.29,Monitor,growth_alpha_direction_risk,operation,growth_alpha,0.4698795180722891,2,92.82971762173814,5.716208351016429,48.06094736842106,97.25359304278808,55.7287200737272,50.0,calibrated_model_probability,composite_is_explanation_index_not_predictive_rank
108,ba_10759478,2025-09,굽네치킨 남목점,굽네치킨,치킨,울산광역시,동구,0.4698795180722891,Priority Review,61.07,61.07,Monitor,stability_risk,model_probability,stability,0.4698795180722891,2,88.70491694679697,35.22883894286208,40.62078947368421,83.41873782676078,26.10898282751166,50.0,calibrated_model_probability,composite_is_explanation_index_not_predictive_rank
109,ba_14773135,2025-09,본죽&비빔밥 용인보라점,본그룹,백반·죽·국수,경기도,용인시,0.4698795180722891,Priority Review,60.83,60.83,Monitor,growth_alpha_direction_risk,operation,growth_alpha,0.4698795180722891,2,92.47313148880816,1.1654740082230637,50.0,96.63304265123963,61.80985150668112,50.0,calibrated_model_probability,composite_is_explanation_index_not_predictive_rank
110,ba_14688182,2025-09,본죽 수내푸른마을점,본그룹,백반·죽·국수,경기도,성남시,0.4698795180722891,Priority Review,60.73,60.73,Monitor,growth_alpha_direction_risk,operation,growth_alpha,0.4698795180722891,2,89.31953136657496,3.5530337868685216,35.22268421052632,99.93575971344606,83.03426526093747,50.0,calibrated_model_probability,composite_is_explanation_index_not_predictive_rank
111,ba_14688631,2025-09,본죽&비빔밥 부천소새울역점,본그룹,백반·죽·국수,경기도,부천시,0.4698795180722891,Priority Review,60.03,60.03,Monitor,growth_alpha_direction_risk,operation,growth_alpha,0.4698795180722891,2,92.88510234593684,3.041410667121458,32.18623684210527,96.88659121932528,73.99529577648333,50.0,calibrated_model_probability,composite_is_explanation_index_not_predictive_rank
112,ba_13188150,2025-09,본죽&비빔밥 제주법원점,본그룹,백반·죽·국수,제주특별자치도,제주시,0.4698795180722891,Priority Review,59.82,59.82,Monitor,none,model_probability,review_growth,0.4698795180722891,2,92.5173908151376,40.24940546287432,17.293236842105266,43.16540346081607,83.05981619399427,50.0,calibrated_model_probability,composite_is_explanation_index_not_predictive_rank
113,ba_10750970,2025-09,굽네치킨 청주강서지구점,굽네치킨,치킨,충청북도,청주시,0.4698795180722891,Priority Review,58.67,58.67,Monitor,stability_risk,model_probability,review_growth,0.4698795180722891,2,91.09672793447528,32.26968548768506,26.470578947368427,79.15178873832112,28.74369172872277,50.0,calibrated_model_probability,composite_is_explanation_index_not_predictive_rank
114,ba_13522931,2025-09,본죽&비빔밥 파주문산점,본그룹,백반·죽·국수,경기도,파주시,0.4698795180722891,Priority Review,58.5,58.5,Monitor,growth_alpha_direction_risk,operation,growth_alpha,0.4698795180722891,2,89.93146819207776,3.306057076118325,33.756815789473684,98.28754434641004,63.87038956581982,50.0,calibrated_model_probability,composite_is_explanation_index_not_predictive_rank
115,ba_14689910,2025-09,본죽&비빔밥 외대점,본그룹,백반·죽·국수,서울특별시,동대문구,0.4698795180722891,Priority Review,58.48,58.48,Monitor,growth_alpha_direction_risk,operation,growth_alpha,0.4698795180722891,2,94.50281795607404,3.205138046734583,33.15789473684211,97.13714629782314,46.82553586605678,61.88068593346162,calibrated_model_probability,composite_is_explanation_index_not_predictive_rank
116,ba_14528279,2025-09,굽네치킨 봉동점,굽네치킨,치킨,전북특별자치도,완주군,0.4698795180722891,Priority Review,57.91,57.91,Monitor,stability_risk,model_probability,stability,0.4698795180722891,2,88.77837447125748,34.84855245098613,41.24847368421053,62.6852401736566,25.36860325409646,50.0,calibrated_model_probability,composite_is_explanation_index_not_predictive_rank
117,ba_14688684,2025-09,본죽&비빔밥 부천심곡본동점,본그룹,백반·죽·국수,경기도,부천시,0.4698795180722891,Priority Review,57.72,57.72,Monitor,growth_alpha_direction_risk,operation,growth_alpha,0.4698795180722891,2,93.2499658286288,2.273987072631498,27.631578947368425,98.6677175240591,55.66219453496714,50.0,calibrated_model_probability,composite_is_explanation_index_not_predictive_rank
118,ba_14260091,2025-09,굽네치킨 부평역점,굽네치킨,치킨,인천광역시,부평구,0.4698795180722891,Priority Review,57.42,57.42,Monitor,stability_risk,model_probability,review_growth,0.4698795180722891,2,91.25393278105504,34.27862154405118,22.04836842105264,75.34047923031396,23.029769741989824,50.0,calibrated_model_probability,composite_is_explanation_index_not_predictive_rank
119,ba_14691751,2025-09,본죽&비빔밥 대전판암점,본그룹,백반·죽·국수,대전광역시,동구,0.4698795180722891,Priority Review,57.31,57.31,Monitor,growth_alpha_direction_risk,operation,growth_alpha,0.4698795180722891,2,92.54901528344888,1.7197305404272785,24.342105263157897,96.06637507227138,64.28719463873765,50.0,calibrated_model_probability,composite_is_explanation_index_not_predictive_rank
120,ba_14687296,2025-09,본죽&비빔밥 봉일시장점,본그룹,백반·죽·국수,서울특별시,관악구,0.4698795180722891,Priority Review,56.4,56.4,Monitor,growth_alpha_direction_risk,operation,growth_alpha,0.4698795180722891,2,92.38097417969668,2.081593545172771,26.48978947368421,98.14535359099013,40.39619287535984,63.71233319254296,calibrated_model_probability,composite_is_explanation_index_not_predictive_rank
121,ba_14688336,2025-09,본죽&비빔밥 고려대점,본그룹,백반·죽·국수,서울특별시,성북구,0.4698795180722891,Priority Review,55.3,55.3,Monitor,growth_alpha_direction_risk,operation,growth_alpha,0.4698795180722891,2,91.7441280117868,0.7343954477359116,18.494157894736844,93.07438222927736,54.04657533253443,63.1304397375812,calibrated_model_probability,composite_is_explanation_index_not_predictive_rank
122,ba_14689548,2025-09,본죽&비빔밥 평택법원점,본그룹,백반·죽·국수,경기도,평택시,0.4698795180722891,Priority Review,53.71,53.71,Monitor,growth_alpha_direction_risk,model_probability,review_growth,0.4698795180722891,2,93.8440458311026,21.784925519284336,17.478894736842108,40.59632194210762,67.06981084188496,50.0,calibrated_model_probability,composite_is_explanation_index_not_predictive_rank
123,ba_14692278,2025-09,본죽 제천하소점,본그룹,백반·죽·국수,충청북도,제천시,0.4698795180722891,Priority Review,51.93,51.93,Monitor,growth_alpha_direction_risk,model_probability,growth_alpha,0.4698795180722891,2,89.48997453320644,0.0,11.483263157894738,66.73827663949149,88.70920275133102,50.0,calibrated_model_probability,composite_is_explanation_index_not_predictive_rank
124,ba_14690045,2025-09,본죽&비빔밥 인천당하점,본그룹,백반·죽·국수,인천광역시,서구,0.4698795180722891,Priority Review,51.53,51.53,Monitor,growth_alpha_direction_risk,model_probability,growth_alpha,0.4698795180722891,2,94.53042392839664,4.244679428275523,39.32747368421053,39.279395496423206,55.96997616383386,50.0,calibrated_model_probability,composite_is_explanation_index_not_predictive_rank
125,ba_14692346,2025-09,본죽&비빔밥 보령동대점,본그룹,백반·죽·국수,충청남도,보령시,0.4698795180722891,Priority Review,44.31,44.31,Monitor,growth_alpha_direction_risk,model_probability,growth_alpha,0.4698795180722891,2,92.33006919635164,1.0546227017822227,20.394736842105267,26.438710604821736,47.02625219803407,50.0,calibrated_model_probability,composite_is_explanation_index_not_predictive_rank
126,ba_13248384,2025-09,본죽&비빔밥 구리인창점,본그룹,백반·죽·국수,경기도,구리시,0.388,Watch,97.84,97.84,Monitor,none,growth_alpha,market_fit,0.388,1,95.89261677949172,100.0,100.0,100.0,92.77216682331932,50.0,calibrated_model_probability,composite_is_explanation_index_not_predictive_rank
127,ba_14694390,2025-09,본죽&비빔밥 평택시청점,본그룹,백반·죽·국수,경기도,평택시,0.388,Watch,92.37,92.37,Monitor,stability_risk,review_growth,stability,0.388,1,97.7043136251804,97.39473934063538,100.0,98.8322460408962,39.9838151108264,50.0,calibrated_model_probability,composite_is_explanation_index_not_predictive_rank
128,ba_14690680,2025-09,본죽&비빔밥 김해율하2지구점,본그룹,백반·죽·국수,경상남도,김해시,0.388,Watch,89.35,89.35,Monitor,none,review_growth,market_fit,0.388,1,98.25668002250048,81.09478634713187,100.0,97.23922429276668,51.00423152030218,50.0,calibrated_model_probability,composite_is_explanation_index_not_predictive_rank
129,ba_14691080,2025-09,본죽&비빔밥 대전유성온천역점,본그룹,백반·죽·국수,대전광역시,유성구,0.388,Watch,88.96,88.96,Monitor,none,review_growth,stability,0.388,1,99.05022987984506,80.98985450045497,100.0,96.22802351001194,46.151935767339445,50.0,calibrated_model_probability,composite_is_explanation_index_not_predictive_rank
130,ba_14691093,2025-09,본죽&비빔밥 대전노은점,본그룹,백반·죽·국수,대전광역시,유성구,0.388,Watch,88.33,88.33,Monitor,none,review_growth,market_fit,0.388,1,95.00159442695832,68.91963263655344,100.0,97.94987872090756,81.53126399947459,50.0,calibrated_model_probability,composite_is_explanation_index_not_predictive_rank
131,ba_14691989,2025-09,본죽&비빔밥 여천신동아점,본그룹,백반·죽·국수,전라남도,여수시,0.388,Watch,88.17,88.17,Monitor,none,growth_alpha,market_fit,0.388,1,95.86071321619644,100.0,59.06431578947369,98.3854314559307,60.01450772663307,50.0,calibrated_model_probability,composite_is_explanation_index_not_predictive_rank
132,ba_14766686,2025-09,굽네치킨 운정2호점,굽네치킨,피자,경기도,파주시,0.388,Watch,87.34,87.34,Monitor,stability_risk,growth_alpha,stability,0.388,1,97.87506223824812,100.0,100.0,87.21410866367204,0.0,50.0,calibrated_model_probability,composite_is_explanation_index_not_predictive_rank
133,ba_14687344,2025-09,본죽&비빔밥 쌍문점,본그룹,백반·죽·국수,서울특별시,도봉구,0.388,Watch,87.11,87.11,Monitor,stability_risk,growth_alpha,stability,0.388,1,97.78522973780596,100.0,100.0,97.4158401784462,7.657043059724407,64.65894106223774,calibrated_model_probability,composite_is_explanation_index_not_predictive_rank
134,ba_14690983,2025-09,본죽&비빔밥 대전송촌점,본그룹,백반·죽·국수,대전광역시,대덕구,0.388,Watch,86.1,86.1,Monitor,none,model_probability,stability,0.388,1,98.3253537163746,79.07006506472858,90.82007894736844,93.54403926260945,42.67167775960406,50.0,calibrated_model_probability,composite_is_explanation_index_not_predictive_rank
135,ba_14692116,2025-09,본죽&비빔밥 부산수영점,본그룹,백반·죽·국수,부산광역시,수영구,0.388,Watch,86.0,86.0,Monitor,stability_risk,model_probability,stability,0.388,1,99.3273960369202,79.78541071545264,89.66165789473686,97.1419358811636,32.705243793466174,50.0,calibrated_model_probability,composite_is_explanation_index_not_predictive_rank
136,ba_14690689,2025-09,본죽&비빔밥 광주신창점,본그룹,백반·죽·국수,광주광역시,광산구,0.388,Watch,85.75,85.75,Monitor,none,growth_alpha,review_growth,0.388,1,95.68162404739208,100.0,46.35626315789474,97.41134994406453,56.98150999680978,50.0,calibrated_model_probability,composite_is_explanation_index_not_predictive_rank
137,ba_14688100,2025-09,본죽 구리수택점,본그룹,백반·죽·국수,경기도,구리시,0.388,Watch,85.51,85.51,Monitor,none,growth_alpha,review_growth,0.388,1,96.31543909150744,100.0,42.25147368421053,93.77363093181344,63.92409534718278,50.0,calibrated_model_probability,composite_is_explanation_index_not_predictive_rank
138,ba_14691062,2025-09,본죽&비빔밥 광주염주화정점,본그룹,백반·죽·국수,광주광역시,서구,0.388,Watch,84.7,84.7,Monitor,none,growth_alpha,review_growth,0.388,1,97.00901149829912,99.03937366351433,35.77163157894737,97.23473405838502,60.40388153172634,50.0,calibrated_model_probability,composite_is_explanation_index_not_predictive_rank
139,ba_13683573,2025-09,본죽&비빔밥 제주아라점,본그룹,백반·죽·국수,제주특별자치도,제주시,0.388,Watch,84.7,84.7,Monitor,none,review_growth,market_fit,0.388,1,96.59766361951648,60.07522813060303,99.02534210526316,96.907246297481,64.79178729684094,50.0,calibrated_model_probability,composite_is_explanation_index_not_predictive_rank
140,ba_14689809,2025-09,본죽&비빔밥 안성당왕점,본그룹,백반·죽·국수,경기도,안성시,0.388,Watch,84.67,84.67,Monitor,none,operation,market_fit,0.388,1,96.38622794119117,65.47131453631427,89.70252631578947,97.79511530921891,64.4410548359246,50.0,calibrated_model_probability,composite_is_explanation_index_not_predictive_rank
141,ba_14690587,2025-09,본죽&비빔밥 포항법원점,본그룹,백반·죽·국수,경상북도,포항시,0.388,Watch,84.51,84.51,Monitor,none,model_probability,market_fit,0.388,1,97.47290212765618,65.41917008176449,85.38010526315789,93.17496347942702,72.56792434558852,50.0,calibrated_model_probability,composite_is_explanation_index_not_predictive_rank
142,ba_14688114,2025-09,본죽&비빔밥 신촌점,본그룹,백반·죽·국수,서울특별시,서대문구,0.388,Watch,84.46,84.46,Monitor,stability_risk,review_growth,stability,0.388,1,98.1748589892306,86.87641359664437,100.0,96.4611331487063,14.134858826050518,61.940184170716776,calibrated_model_probability,composite_is_explanation_index_not_predictive_rank
143,ba_14689448,2025-09,본죽&비빔밥 이천점,본그룹,백반·죽·국수,경기도,이천시,0.388,Watch,84.35,84.35,Monitor,none,review_growth,market_fit,0.388,1,99.34634329267156,63.661001850828846,100.0,83.98015514315722,60.62006060148568,50.0,calibrated_model_probability,composite_is_explanation_index_not_predictive_rank
144,ba_14692242,2025-09,본죽&비빔밥 천안쌍용이마트점,본그룹,백반·죽·국수,충청남도,천안시,0.388,Watch,84.18,84.18,Monitor,stability_risk,model_probability,stability,0.388,1,98.31681704925144,77.82394118850448,88.42105263157896,97.19312455311476,24.66694649478775,50.0,calibrated_model_probability,composite_is_explanation_index_not_predictive_rank
145,ba_14690057,2025-09,본죽앤비빔밥 인천검단점,본그룹,백반·죽·국수,인천광역시,서구,0.388,Watch,84.04,84.04,Monitor,none,growth_alpha,market_fit,0.388,1,96.25470789200511,100.0,54.54544736842105,74.71050384877233,59.57547016035505,50.0,calibrated_model_probability,composite_is_explanation_index_not_predictive_rank
146,ba_14689886,2025-09,본죽&비빔밥 안양호계사거리점,본그룹,백반·죽·국수,경기도,안양시,0.388,Watch,83.47,83.47,Monitor,none,growth_alpha,review_growth,0.388,1,94.82876784354757,100.0,41.52047368421052,79.98550723398141,70.49270545913683,50.0,calibrated_model_probability,composite_is_explanation_index_not_predictive_rank
147,ba_14689645,2025-09,본죽&비빔밥 병점복합타운점,본그룹,백반·죽·국수,경기도,화성시,0.388,Watch,83.36,83.36,Monitor,none,growth_alpha,review_growth,0.388,1,96.7972859138455,100.0,43.60902631578948,76.90952090653127,63.99383978860381,50.0,calibrated_model_probability,composite_is_explanation_index_not_predictive_rank
148,ba_14689573,2025-09,본죽&비빔밥 시흥목감역점,본그룹,백반·죽·국수,경기도,시흥시,0.388,Watch,83.19,83.19,Monitor,none,operation,review_growth,0.388,1,96.08236211792364,85.78512682525682,42.58373684210526,96.14285411271258,73.07190042340898,50.0,calibrated_model_probability,composite_is_explanation_index_not_predictive_rank
149,ba_14689766,2025-09,본죽&비빔밥 인천신포동점,본그룹,백반·죽·국수,인천광역시,중구,0.388,Watch,82.99,82.99,Monitor,none,operation,market_fit,0.388,1,94.7686049253719,82.067639582718,51.7543947368421,97.0021399174139,69.91317109188523,50.0,calibrated_model_probability,composite_is_explanation_index_not_predictive_rank
150,ba_14689875,2025-09,본죽 양산물금증산점,본그룹,백반·죽·국수,경상남도,양산시,0.388,Watch,82.67,82.67,Monitor,none,model_probability,review_growth,0.388,1,97.74293140166,90.1257757720835,42.53492105263158,97.13205736552388,49.79340760549282,50.0,calibrated_model_probability,composite_is_explanation_index_not_predictive_rank
151,ba_14689854,2025-09,본죽&비빔밥 인천간석홈플러스앞점,본그룹,백반·죽·국수,인천광역시,남동구,0.388,Watch,82.53,82.53,Monitor,stability_risk,operation,stability,0.388,1,97.21515305625246,87.34263202127326,58.142,97.44936726182942,33.32940983571972,50.0,calibrated_model_probability,composite_is_explanation_index_not_predictive_rank
152,ba_14689481,2025-09,본죽&비빔밥 파주운정해오름점,본그룹,백반·죽·국수,경기도,파주시,0.388,Watch,82.03,82.03,Monitor,none,operation,review_growth,0.388,1,96.0446186101974,77.08762247060183,46.59442105263159,96.41721205196012,76.87411475185063,50.0,calibrated_model_probability,composite_is_explanation_index_not_predictive_rank
153,ba_14692165,2025-09,본죽 세종아름점,본그룹,백반·죽·국수,세종특별자치시,보듬3로,0.388,Watch,81.21,81.21,Monitor,none,operation,market_fit,0.388,1,94.97784660724716,74.03420106442752,57.89473684210527,98.91647650880428,59.393533618867416,50.0,calibrated_model_probability,composite_is_explanation_index_not_predictive_rank
154,ba_14692275,2025-09,본죽&비빔밥 전주객사점,본그룹,백반·죽·국수,전북특별자치도,전주시,0.388,Watch,81.18,81.18,Monitor,none,operation,market_fit,0.388,1,95.52068830610648,68.87988135806376,63.98892105263159,97.91096335626632,62.42377699232151,50.0,calibrated_model_probability,composite_is_explanation_index_not_predictive_rank
155,ba_14690002,2025-09,본죽 송도센트럴파크점,본그룹,백반·죽·국수,인천광역시,연수구,0.388,Watch,80.41,80.41,Monitor,none,growth_alpha,review_growth,0.388,1,95.39309454182124,100.0,8.215657894736845,93.24950137016296,68.0559707088163,50.0,calibrated_model_probability,composite_is_explanation_index_not_predictive_rank
156,ba_14689611,2025-09,본죽&비빔밥 시흥장곡점,본그룹,백반·죽·국수,경기도,시흥시,0.388,Watch,80.18,80.18,Monitor,none,model_probability,market_fit,0.388,1,98.99111087029831,64.4850039521262,61.8421052631579,93.53155892727018,61.06185535691843,50.0,calibrated_model_probability,composite_is_explanation_index_not_predictive_rank
157,ba_14691857,2025-09,본죽&비빔밥 부산명지국제중앙점,본그룹,백반·죽·국수,부산광역시,강서구,0.388,Watch,79.77,79.77,Monitor,none,model_probability,market_fit,0.388,1,97.29715485392497,65.35939905733159,50.40486842105264,96.66387559399386,73.19004354317786,50.0,calibrated_model_probability,composite_is_explanation_index_not_predictive_rank
158,ba_14690992,2025-09,본죽&비빔밥 대전신탄점,본그룹,백반·죽·국수,대전광역시,대덕구,0.388,Watch,79.74,79.74,Monitor,none,operation,growth_alpha,0.388,1,95.44315582825122,49.36060689316656,85.82994736842106,97.64783562149977,64.70020593169112,50.0,calibrated_model_probability,composite_is_explanation_index_not_predictive_rank
159,ba_14688088,2025-09,본죽&비빔밥 대흥역점,본그룹,백반·죽·국수,서울특별시,마포구,0.388,Watch,79.63,79.63,Monitor,stability_risk,growth_alpha,stability,0.388,1,94.67374198996872,100.0,49.87468421052632,94.53301608786832,16.199481340732273,63.5090479039024,calibrated_model_probability,composite_is_explanation_index_not_predictive_rank
160,ba_14732026,2025-09,굽네치킨 부산전포점,굽네치킨,치킨,부산광역시,부산진구,0.388,Watch,79.01,79.01,Monitor,stability_risk,review_growth,stability,0.388,1,98.52124754486876,66.43545485921413,100.0,86.14774667209485,0.0,50.0,calibrated_model_probability,composite_is_explanation_index_not_predictive_rank
161,ba_14689614,2025-09,본죽&비빔밥 시흥시화점,본그룹,백반·죽·국수,경기도,시흥시,0.388,Watch,78.97,78.97,Monitor,stability_risk,model_probability,stability,0.388,1,99.03470376273673,66.3731342547331,63.49744736842106,94.70677585434194,39.82359402696421,50.0,calibrated_model_probability,composite_is_explanation_index_not_predictive_rank
162,ba_14691277,2025-09,본죽&비빔밥 대구달서구청점,본그룹,백반·죽·국수,대구광역시,달서구,0.388,Watch,78.73,78.73,Monitor,none,operation,market_fit,0.388,1,95.44127299121178,51.339613096793656,67.61134210526318,96.4375677811571,78.8651002319597,50.0,calibrated_model_probability,composite_is_explanation_index_not_predictive_rank
163,ba_14692482,2025-09,본죽&비빔밥 충주호암점,본그룹,백반·죽·국수,충청북도,충주시,0.388,Watch,78.54,78.54,Monitor,none,model_probability,review_growth,0.388,1,97.6884503249054,63.23653002820557,49.50213157894737,97.04105528205514,65.59596998133665,50.0,calibrated_model_probability,composite_is_explanation_index_not_predictive_rank
164,ba_14692326,2025-09,본죽&비빔밥 제천청전점,본그룹,백반·죽·국수,충청북도,제천시,0.388,Watch,78.49,78.49,Monitor,none,model_probability,review_growth,0.388,1,94.80875893987516,70.99831633493213,49.760763157894736,84.78101882306254,73.793832203454,50.0,calibrated_model_probability,composite_is_explanation_index_not_predictive_rank
165,ba_14714062,2025-09,본죽&비빔밥 파주운정산내마을점,본그룹,백반·죽·국수,경기도,파주시,0.388,Watch,78.42,78.42,Monitor,none,model_probability,review_growth,0.388,1,98.5763027859028,88.05154829622374,36.315789473684205,71.877770370269,56.79050697925929,50.0,calibrated_model_probability,composite_is_explanation_index_not_predictive_rank
166,ba_14689750,2025-09,본죽&비빔밥 안산본오점,본그룹,백반·죽·국수,경기도,안산시,0.388,Watch,78.22,78.22,Monitor,stability_risk,model_probability,stability,0.388,1,99.80122249847446,78.04289468898644,59.8792105263158,77.99831543511654,30.94117889242533,50.0,calibrated_model_probability,composite_is_explanation_index_not_predictive_rank
167,ba_13233576,2025-09,본죽&비빔밥 당진점,본그룹,백반·죽·국수,충청남도,당진시,0.388,Watch,78.16,78.16,Monitor,none,operation,review_growth,0.388,1,97.61743243758676,64.17945341105268,43.469789473684216,98.41626439868492,66.70617929388246,50.0,calibrated_model_probability,composite_is_explanation_index_not_predictive_rank
168,ba_14688522,2025-09,본죽 시흥은행점,본그룹,백반·죽·국수,경기도,시흥시,0.388,Watch,78.06,78.06,Monitor,none,operation,market_fit,0.388,1,98.17121309970412,55.420382240800414,53.125,98.69226413867896,70.75444246509812,50.0,calibrated_model_probability,composite_is_explanation_index_not_predictive_rank
169,ba_13234034,2025-09,본죽 포항오천점,본그룹,백반·죽·국수,경상북도,포항시,0.388,Watch,78.06,78.06,Monitor,none,operation,growth_alpha,0.388,1,94.5320010546005,44.94606446546642,68.75,99.092793045525,85.56958914602384,50.0,calibrated_model_probability,composite_is_explanation_index_not_predictive_rank
170,ba_14687335,2025-09,본죽&비빔밥 광운대역점,본그룹,백반·죽·국수,서울특별시,노원구,0.388,Watch,77.88,77.88,Monitor,stability_risk,model_probability,stability,0.388,1,97.18496241178416,93.21027988458384,35.56321052631579,96.24813887567952,22.26070747763093,64.92479679852866,calibrated_model_probability,composite_is_explanation_index_not_predictive_rank
171,ba_14692022,2025-09,본죽&비빔밥 여수죽림점,본그룹,백반·죽·국수,전라남도,여수시,0.388,Watch,77.77,77.77,Monitor,none,model_probability,review_growth,0.388,1,96.60436297265724,67.7554722163117,33.786078947368416,96.19629252038138,75.17746952645786,50.0,calibrated_model_probability,composite_is_explanation_index_not_predictive_rank
172,ba_14691901,2025-09,본죽&비빔밥 약사점,본그룹,백반·죽·국수,울산광역시,중구,0.388,Watch,77.03,77.03,Monitor,none,model_probability,review_growth,0.388,1,97.83548828232227,56.23030622617979,46.24860526315789,95.22200085528274,75.07833154353214,50.0,calibrated_model_probability,composite_is_explanation_index_not_predictive_rank
173,ba_14688729,2025-09,본죽&비빔밥 과천점,본그룹,백반·죽·국수,경기도,과천시,0.388,Watch,76.84,76.84,Monitor,none,operation,review_growth,0.388,1,95.08752478181148,55.80778538654988,44.736842105263165,96.5318627031724,84.17795603077735,50.0,calibrated_model_probability,composite_is_explanation_index_not_predictive_rank
174,ba_14691943,2025-09,본죽&비빔밥 순천연향점,본그룹,백반·죽·국수,전라남도,순천시,0.388,Watch,76.79,76.79,Monitor,none,operation,review_growth,0.388,1,96.18332213360938,69.65867829659454,24.112605263157896,96.61837455225948,76.03213180509361,50.0,calibrated_model_probability,composite_is_explanation_index_not_predictive_rank
175,ba_14688180,2025-09,본죽&비빔밥 왕십리뉴타운점,본그룹,백반·죽·국수,서울특별시,성동구,0.388,Watch,76.78,76.78,Monitor,none,operation,review_growth,0.388,1,94.94865070002004,70.99439219868412,43.15789473684211,98.24383939842832,59.06118199717187,64.95254240339992,calibrated_model_probability,composite_is_explanation_index_not_predictive_rank
176,ba_10841883,2025-09,굽네치킨 선부3동점,굽네치킨,치킨,경기도,안산시,0.388,Watch,76.75,76.75,Monitor,stability_risk,review_growth,stability,0.388,1,97.54399749679212,52.24435928970252,100.0,97.01980150598185,0.0,50.0,calibrated_model_probability,composite_is_explanation_index_not_predictive_rank
177,ba_14689415,2025-09,본죽&비빔밥 수원탑동점,본그룹,백반·죽·국수,경기도,수원시,0.388,Watch,76.62,76.62,Monitor,none,operation,review_growth,0.388,1,97.84473740722648,57.26488146919218,40.35086842105263,98.58240307080716,72.19510330262244,50.0,calibrated_model_probability,composite_is_explanation_index_not_predictive_rank
178,ba_14727064,2025-09,본죽&비빔밥 전주혁신도시점,본그룹,백반·죽·국수,전북특별자치도,완주군,0.388,Watch,76.2,76.2,Monitor,none,model_probability,review_growth,0.388,1,95.71865857027348,57.15307684151596,42.275052631578944,94.46991179469109,79.02654559912303,50.0,calibrated_model_probability,composite_is_explanation_index_not_predictive_rank
179,ba_14688555,2025-09,본죽 수원인계점,본그룹,백반·죽·국수,경기도,수원시,0.388,Watch,76.16,76.16,Monitor,stability_risk,model_probability,stability,0.388,1,99.78757706678932,67.84406458041921,55.32436842105264,93.37043834950958,19.6945187880388,50.0,calibrated_model_probability,composite_is_explanation_index_not_predictive_rank
180,ba_14691179,2025-09,본죽&비빔밥 내당삼익뉴타운점,본그룹,백반·죽·국수,대구광역시,서구,0.388,Watch,75.73,75.73,Monitor,none,operation,review_growth,0.388,1,95.54206645377585,56.01540988351358,45.11278947368421,98.45368301853227,67.51694862056331,50.0,calibrated_model_probability,composite_is_explanation_index_not_predictive_rank
181,ba_14691976,2025-09,본죽&비빔밥 부산전포점,본그룹,백반·죽·국수,부산광역시,부산진구,0.388,Watch,75.46,75.46,Monitor,stability_risk,model_probability,stability,0.388,1,99.06653592789056,58.65116573728009,51.39876315789474,96.26431413679734,39.74413241073139,50.0,calibrated_model_probability,composite_is_explanation_index_not_predictive_rank
182,ba_14691101,2025-09,본죽&비빔밥 대구율하점,본그룹,백반·죽·국수,대구광역시,동구,0.388,Watch,75.12,75.12,Monitor,none,model_probability,review_growth,0.388,1,94.91776952793488,77.74911655665692,24.81202631578948,74.31157650846217,75.97545711698271,50.0,calibrated_model_probability,composite_is_explanation_index_not_predictive_rank
183,ba_14689936,2025-09,본죽&비빔밥 안양박달점,본그룹,백반·죽·국수,경기도,안양시,0.388,Watch,75.06,75.06,Monitor,none,model_probability,review_growth,0.388,1,98.77801884917967,52.66357676040051,35.67252631578948,98.12230372116414,72.50145385204064,50.0,calibrated_model_probability,composite_is_explanation_index_not_predictive_rank
184,ba_14689757,2025-09,본죽&비빔밥 인천연수점,본그룹,백반·죽·국수,인천광역시,연수구,0.388,Watch,74.65,74.65,Monitor,none,operation,review_growth,0.388,1,98.80217734726666,47.93767518316932,33.37065789473685,98.8371490347279,82.55994743458828,50.0,calibrated_model_probability,composite_is_explanation_index_not_predictive_rank
185,ba_14691375,2025-09,본죽&비빔밥 경산중산점,본그룹,백반·죽·국수,경상북도,경산시,0.388,Watch,74.47,74.47,Monitor,none,model_probability,review_growth,0.388,1,98.6026164993518,61.249941595217926,38.32236842105263,95.16683145114112,46.20216331053627,50.0,calibrated_model_probability,composite_is_explanation_index_not_predictive_rank
186,ba_14712294,2025-09,본죽&비빔밥 서울대입구역점,본그룹,백반·죽·국수,서울특별시,관악구,0.388,Watch,74.33,74.33,Monitor,none,operation,review_growth,0.388,1,96.60150732159283,61.95717293031051,45.98336842105263,96.95304668817415,49.338997181051056,62.2537515477277,calibrated_model_probability,composite_is_explanation_index_not_predictive_rank
187,ba_14691969,2025-09,본죽&비빔밥 부산사직점,본그룹,백반·죽·국수,부산광역시,동래구,0.388,Watch,74.31,74.31,Monitor,stability_risk,growth_alpha,stability,0.388,1,97.22155739456296,100.0,39.09773684210527,39.9985,34.14675016350769,50.0,calibrated_model_probability,composite_is_explanation_index_not_predictive_rank
188,ba_14691150,2025-09,본죽 다사죽곡점,본그룹,백반·죽·국수,대구광역시,달성군,0.388,Watch,74.19,74.19,Monitor,none,operation,review_growth,0.388,1,94.7923157418052,57.57295942005257,27.97784210526316,98.24443809634587,76.87065194998041,50.0,calibrated_model_probability,composite_is_explanation_index_not_predictive_rank
189,ba_14689761,2025-09,본죽&비빔밥 송도글로벌캠퍼스점,본그룹,백반·죽·국수,인천광역시,연수구,0.388,Watch,74.1,74.1,Monitor,none,model_probability,review_growth,0.388,1,95.3715351882931,74.81060361473918,10.216710526315792,80.34502533347474,84.30212399584696,50.0,calibrated_model_probability,composite_is_explanation_index_not_predictive_rank
190,ba_14732355,2025-09,본죽&비빔밥 속초점,본그룹,백반·죽·국수,강원특별자치도,속초시,0.388,Watch,73.69,73.69,Monitor,none,model_probability,review_growth,0.388,1,97.4956294096329,53.0243312520816,32.33081578947369,95.90442728557208,70.7611951480126,50.0,calibrated_model_probability,composite_is_explanation_index_not_predictive_rank
191,ba_14691005,2025-09,본죽&비빔밥 광주화정점,본그룹,백반·죽·국수,광주광역시,서구,0.388,Watch,73.41,73.41,Monitor,none,operation,review_growth,0.388,1,95.31114607387612,50.03396206901082,33.14365789473685,97.78763158524944,79.07560428801736,50.0,calibrated_model_probability,composite_is_explanation_index_not_predictive_rank
192,ba_14689485,2025-09,본죽&비빔밥 수원광교역점,본그룹,백반·죽·국수,경기도,수원시,0.388,Watch,73.05,73.05,Monitor,none,operation,review_growth,0.388,1,96.33282480361544,43.1824201799926,26.90057894736842,100.0,94.98977640235732,50.0,calibrated_model_probability,composite_is_explanation_index_not_predictive_rank
193,ba_13412065,2025-09,굽네치킨 신길뉴타운점,굽네치킨,치킨,서울특별시,영등포구,0.388,Watch,72.7,72.7,Monitor,stability_risk,operation,stability,0.388,1,95.23174705563493,70.42525942115554,45.24355263157895,95.45690059219775,0.0,78.6447685642593,calibrated_model_probability,composite_is_explanation_index_not_predictive_rank
194,ba_14692012,2025-09,본죽&비빔밥 여수여서점,본그룹,백반·죽·국수,전라남도,여수시,0.388,Watch,72.65,72.65,Monitor,none,model_probability,review_growth,0.388,1,98.40203103871612,93.2190149675314,16.599184210526317,42.45830411117307,60.429594843995645,50.0,calibrated_model_probability,composite_is_explanation_index_not_predictive_rank
195,ba_14688582,2025-09,본죽&비빔밥 오목교역점,본그룹,백반·죽·국수,서울특별시,양천구,0.388,Watch,72.38,72.38,Monitor,none,operation,review_growth,0.388,1,94.80347821732762,49.15493337919622,33.82352631578948,95.39112468311774,81.50180657120377,66.79366594608811,calibrated_model_probability,composite_is_explanation_index_not_predictive_rank
196,ba_14692201,2025-09,본죽&비빔밥 세종반곡점,본그룹,백반·죽·국수,세종특별자치시,한누리대로,0.388,Watch,72.18,72.18,Monitor,none,model_probability,growth_alpha,0.388,1,97.43814963987562,33.99486436982391,36.09023684210527,97.15121569888574,95.90708233988092,50.0,calibrated_model_probability,composite_is_explanation_index_not_predictive_rank
197,ba_14689610,2025-09,본죽 동인천점,본그룹,백반·죽·국수,인천광역시,중구,0.388,Watch,72.05,72.05,Monitor,none,model_probability,review_growth,0.388,1,94.96932973610036,87.07027036134811,27.631578947368425,39.3355,70.01114368532413,50.0,calibrated_model_probability,composite_is_explanation_index_not_predictive_rank
198,ba_14689993,2025-09,본죽&비빔밥 용인구갈점,본그룹,백반·죽·국수,경기도,용인시,0.388,Watch,72.04,72.04,Monitor,none,operation,review_growth,0.388,1,96.01423307128888,43.91077977409281,25.4386052631579,97.77595697585708,89.77880172945918,50.0,calibrated_model_probability,composite_is_explanation_index_not_predictive_rank
199,ba_14504490,2025-09,본죽&비빔밥 부천순천향병원앞점,본그룹,백반·죽·국수,경기도,부천시,0.388,Watch,71.97,71.97,Monitor,growth_alpha_direction_risk;stability_risk,review_growth,growth_alpha,0.388,1,97.21601834052788,20.1333740748835,100.0,94.89382520073484,36.77488407924729,50.0,calibrated_model_probability,composite_is_explanation_index_not_predictive_rank
200,ba_14688525,2025-09,본죽 시흥시화병원점,본그룹,백반·죽·국수,경기도,시흥시,0.388,Watch,71.97,71.97,Monitor,none,model_probability,review_growth,0.388,1,96.52134709626202,94.32018967545343,21.30326315789474,42.14061479091757,50.86840459554045,50.0,calibrated_model_probability,composite_is_explanation_index_not_predictive_rank
